Time (s),W,X,Y,Z
0.014107905,0.714164,-0.007439077,0.003161467,-0.6975186
0.034081048,0.7141451,-0.007393411,0.003147037,-0.6975385
0.054054263,0.7142837,-0.007404503,0.003126564,-0.6973965
0.074027228,0.7144461,-0.007387133,0.003158537,-0.69723
0.094000349,0.714541,-0.007414403,0.003145032,-0.6971326
0.113973502,0.7145216,-0.007440181,0.003215057,-0.6971519
0.133946759,0.7144706,-0.007465131,0.003245854,-0.6972039
0.153920036,0.7144988,-0.007454001,0.003221489,-0.6971752
0.173893262,0.7145795,-0.007543007,0.003243883,-0.6970913
0.193866144,0.7146305,-0.007510973,0.003240972,-0.6970395
0.213839255,0.7146264,-0.007478517,0.003194508,-0.6970443
0.233812553,0.7146515,-0.007450726,0.003186429,-0.6970188
0.253785789,0.7147526,-0.007427105,0.003195708,-0.6969154
0.273758764,0.7148738,-0.007428512,0.003198361,-0.6967909
0.293732125,0.7150009,-0.007499317,0.003251965,-0.6966596
0.313705288,0.7149928,-0.007494186,0.00328018,-0.6966678
0.333678358,0.7149811,-0.007483007,0.003273046,-0.6966799
0.353651510,0.7150545,-0.007486519,0.003243908,-0.6966048
0.373624736,0.7150698,-0.007427505,0.003196714,-0.6965899
0.393597805,0.7151074,-0.007383309,0.003197589,-0.6965518
0.413571072,0.715154,-0.00737638,0.003206097,-0.6965039
0.433544173,0.7151873,-0.007367164,0.003221544,-0.6964698
0.453517492,0.7151946,-0.00737045,0.003248176,-0.696462
0.475987157,0.7151951,-0.007383398,0.00326958,-0.6964614
0.495960685,0.7151453,-0.007380357,0.00322218,-0.6965128
0.515933713,0.7151495,-0.007362845,0.003255502,-0.6965085
0.535906803,0.7151217,-0.007377478,0.003228227,-0.6965371
0.555879893,0.7151377,-0.007352441,0.003216777,-0.6965209
0.575853254,0.71521,-0.007381883,0.00324807,-0.6964462
0.595826219,0.715191,-0.007374953,0.003257434,-0.6964658
0.615799403,0.7150304,-0.007355914,0.003219731,-0.696631
0.635772472,0.714886,-0.007370051,0.003210069,-0.6967791
0.655745583,0.7148955,-0.007405779,0.003228542,-0.6967689
0.675718913,0.7148594,-0.007405927,0.003161374,-0.6968063
0.695692284,0.7148752,-0.007406359,0.0032023,-0.6967899
0.715665312,0.7148832,-0.007410138,0.0032122,-0.6967816
0.735638600,0.7148623,-0.007391794,0.003193353,-0.6968032
0.755611565,0.7148408,-0.00741688,0.003174936,-0.6968251
0.775584717,0.7148606,-0.007409396,0.003215394,-0.6968047
0.795557880,0.7148765,-0.007432433,0.003208629,-0.6967882
0.815531012,0.7149932,-0.007475815,0.00321524,-0.696668
0.835504384,0.7151043,-0.007480797,0.003205089,-0.6965539
0.855477349,0.7150716,-0.007515198,0.003206413,-0.696587
0.875450522,0.7150034,-0.007542969,0.003244338,-0.6966566
0.895423716,0.7149611,-0.007546543,0.003262373,-0.6966999
0.915396775,0.7149156,-0.007500592,0.003225702,-0.6967472
0.935370115,0.7148662,-0.007461266,0.003255277,-0.6967981
0.955343174,0.714946,-0.007465264,0.003230636,-0.6967164
0.977812944,0.7150648,-0.007443216,0.003216846,-0.6965947
0.997786502,0.7150791,-0.007432219,0.003198061,-0.6965803
1.017759353,0.7150714,-0.007524827,0.003204372,-0.6965872
1.037732683,0.7150583,-0.007499239,0.003210638,-0.696601
1.057705898,0.7150957,-0.007484477,0.003194228,-0.6965627
1.077679071,0.7151636,-0.007493447,0.00319445,-0.696493
1.097652203,0.7151937,-0.00750315,0.003220447,-0.6964617
1.117625158,0.7151523,-0.007507138,0.003202607,-0.6965044
1.137598321,0.7151482,-0.007526904,0.00323106,-0.696508
1.157571713,0.7151177,-0.007570729,0.003231056,-0.696539
1.177544584,0.715256,-0.007729283,0.003331936,-0.6963947
1.197517925,0.7139255,-0.007438169,0.002763151,-0.6977645
1.217491192,0.7142254,-0.007508715,0.00342451,-0.6974537
1.237464178,0.7145009,-0.007310985,0.003225704,-0.6971745
1.257437455,0.7137246,-0.006889383,0.00230466,-0.6979772
1.277410650,0.7144485,-0.0072213,0.00329062,-0.6972287
1.297383927,0.7143403,-0.007235112,0.003010041,-0.6973407
1.317357132,0.7140002,-0.006907701,0.002553134,-0.6976941
1.337330201,0.7142124,-0.007090137,0.0030401,-0.6974732
1.357303229,0.7143807,-0.007363401,0.003032735,-0.6972979
1.377276579,0.7137966,-0.006895806,0.002641655,-0.6979022
1.397249815,0.7140282,-0.007122424,0.002969372,-0.6976617
1.417222707,0.7138217,-0.007172175,0.002890443,-0.6978728
1.437195808,0.7133905,-0.006878738,0.002713034,-0.6983173
1.457169127,0.7135475,-0.007206992,0.003054574,-0.6981522
1.479638845,0.7134884,-0.007464488,0.0029894,-0.6982101
1.499612237,0.7128837,-0.007111213,0.002807477,-0.698832
1.519585348,0.7132577,-0.007169532,0.003166373,-0.6984481
1.539558532,0.7134326,-0.00756094,0.003120721,-0.6982656
1.559531517,0.7133456,-0.007360998,0.00324706,-0.698356
1.579504889,0.7129707,-0.007180987,0.003000335,-0.6987417
1.599478177,0.7131521,-0.007351465,0.003078353,-0.6985545
1.619451048,0.7129846,-0.007128135,0.003080982,-0.6987277
1.639424232,0.7126962,-0.007006099,0.002844998,-0.699024
1.659397510,0.7130259,-0.00720536,0.003132067,-0.6986846
1.679370798,0.7127807,-0.006961638,0.003001044,-0.6989378
1.699344044,0.7127585,-0.006852414,0.00292259,-0.6989617
1.719316978,0.712731,-0.007068423,0.002935125,-0.6989877
1.739290204,0.7127193,-0.007145331,0.003090502,-0.698998
1.759263408,0.7125955,-0.007232877,0.003213556,-0.6991229
1.779236561,0.7127277,-0.007933226,0.003744992,-0.6989777
1.799209922,0.7135589,-0.01022641,0.004724362,-0.6980936
1.819194407,0.7143328,-0.01351262,0.005599325,-0.6972392
1.839167602,0.7149606,-0.01711936,0.006636795,-0.6965069
1.859140692,0.7152937,-0.02119982,0.007240512,-0.6960465
1.879113886,0.7154635,-0.02550851,0.007175066,-0.6957281
1.899087060,0.7154344,-0.02996475,0.005839268,-0.6955927
1.919060087,0.7152811,-0.03445981,0.003479194,-0.6955581
1.939033479,0.715027,-0.03903691,-7.698185E-05,-0.6955863
1.959006496,0.7145115,-0.04384914,-0.004445443,-0.695815
1.978979670,0.7137355,-0.04881112,-0.009751544,-0.6962268
2.001449648,0.7127066,-0.05471823,-0.01693788,-0.6967037
2.021422644,0.7115507,-0.06013643,-0.02402798,-0.69723
2.041395734,0.7102969,-0.06573109,-0.03166118,-0.6976984
2.061368929,0.7089714,-0.07153491,-0.03981658,-0.6980578
2.081342289,0.7077943,-0.07748603,-0.04803825,-0.6980997
2.101315463,0.7070528,-0.08389217,-0.05632015,-0.6974913
2.121288584,0.706588,-0.09069219,-0.06476699,-0.6963772
2.141261872,0.7062495,-0.09810606,-0.07338808,-0.6948588
2.161234921,0.7058341,-0.106107,-0.08246459,-0.693085
2.181208032,0.7051187,-0.1145159,-0.09215085,-0.6912522
2.201181403,0.7040964,-0.1233504,-0.1024374,-0.6893238
2.221154545,0.7027974,-0.1325009,-0.1132382,-0.6872584
2.241127667,0.7013608,-0.1423722,-0.12408,-0.6848759
2.261100861,0.6998135,-0.153039,-0.1346203,-0.6821622
2.281074034,0.6978509,-0.1642522,-0.1455422,-0.6793162
2.301047291,0.6951507,-0.1753693,-0.1572598,-0.6766891
2.321020225,0.6922117,-0.1862827,-0.1688471,-0.6739882
2.340993534,0.6893312,-0.1973645,-0.1796478,-0.6709875
2.360966645,0.6864491,-0.2083447,-0.1899534,-0.6677765
2.380939954,0.6835494,-0.2185192,-0.2000695,-0.664537
2.400913221,0.6806508,-0.2280135,-0.2106013,-0.6610592
2.420886353,0.6782475,-0.2377821,-0.2208109,-0.6567422
2.440859360,0.6761813,-0.2475601,-0.2307893,-0.6518105
2.460832491,0.6746993,-0.2578831,-0.239924,-0.6460195
2.483302375,0.6727999,-0.2690623,-0.2496169,-0.6397381
2.503275694,0.6709725,-0.2790027,-0.2577707,-0.6341414
2.523248753,0.6690593,-0.2891083,-0.2657477,-0.6283168
2.543221916,0.6668677,-0.2986146,-0.2739957,-0.6226321
2.563195048,0.664646,-0.3082824,-0.281912,-0.6167342
2.583168305,0.6619399,-0.3181413,-0.289961,-0.6108782
2.603141520,0.658569,-0.3287357,-0.2985323,-0.6047527
2.623114610,0.65425,-0.3392047,-0.308567,-0.598591
2.643087763,0.6492684,-0.3489819,-0.3195275,-0.5926145
2.663060957,0.6441895,-0.3593037,-0.3302413,-0.5860794
2.683034131,0.6386537,-0.3701718,-0.3409171,-0.5792214
2.703007335,0.6322031,-0.3811688,-0.3524245,-0.5722361
2.722980405,0.6250309,-0.3927587,-0.3639641,-0.5650085
2.742953432,0.6170494,-0.4046755,-0.3755198,-0.5577637
2.762926616,0.6082503,-0.4170342,-0.3870525,-0.5503926
2.782899810,0.5988342,-0.4298595,-0.3982726,-0.5427937
2.802873015,0.588584,-0.4420693,-0.4096961,-0.5356495
2.822846095,0.5779214,-0.4539468,-0.4207936,-0.528677
2.842819299,0.5672126,-0.4657677,-0.4309624,-0.521756
2.862792514,0.5566005,-0.4770982,-0.4398878,-0.5154605
2.882765584,0.5462668,-0.4876334,-0.4477358,-0.5098692
2.902738892,0.5361713,-0.4972955,-0.4545653,-0.5051888
2.922712014,0.5266288,-0.5056025,-0.4606302,-0.5014734
2.942685083,0.5183253,-0.5126629,-0.4654068,-0.4985376
2.965154884,0.5108206,-0.5195324,-0.4688913,-0.4959003
2.985128141,0.5060152,-0.524813,-0.4703937,-0.4938393
3.005101314,0.5029376,-0.5288354,-0.4708215,-0.4922824
3.025074560,0.5016446,-0.5317202,-0.4702148,-0.4910723
3.045047577,0.5021561,-0.5333546,-0.4684366,-0.4904763
3.065020834,0.5041226,-0.5334392,-0.4659828,-0.4907044
3.084994050,0.5072038,-0.5322929,-0.4629968,-0.4915998
3.104967431,0.5109949,-0.5297465,-0.4601659,-0.4930801
3.124940428,0.5153697,-0.5258446,-0.457579,-0.4951065
3.144913684,0.5205822,-0.5207375,-0.4547669,-0.4976358
3.164886754,0.5264294,-0.514889,-0.4515198,-0.5005187
3.184859896,0.5327823,-0.5082666,-0.4478547,-0.5038472
3.204833184,0.5396509,-0.5008464,-0.4434417,-0.5078552
3.224806274,0.5466582,-0.4928582,-0.4383465,-0.5125775
3.244779427,0.5533348,-0.4844886,-0.4327266,-0.5181378
3.264752486,0.5593994,-0.4756421,-0.4267415,-0.524744
3.284725659,0.5648052,-0.4658221,-0.4206759,-0.5326015
3.304698895,0.5698686,-0.4556362,-0.414306,-0.540947
3.324672037,0.5747415,-0.4459589,-0.4069127,-0.549402
3.344645065,0.5790514,-0.4364935,-0.398911,-0.5582747
3.364618311,0.5828593,-0.4268266,-0.3902894,-0.5677992
3.384591464,0.5863128,-0.4168287,-0.3812891,-0.5777001
3.404564783,0.5895669,-0.4069575,-0.3719697,-0.5874203
3.427034428,0.5932429,-0.3965283,-0.3606636,-0.5978106
3.447007674,0.5964791,-0.3869332,-0.3503797,-0.6069243
3.466980889,0.5995589,-0.3774151,-0.3397886,-0.6158394
3.486954073,0.6024027,-0.3670243,-0.3292747,-0.6249878
3.506927132,0.6051987,-0.3560108,-0.318924,-0.6339605
3.526900378,0.6085984,-0.3458531,-0.3081223,-0.6416244
3.546873489,0.6123152,-0.335912,-0.2969917,-0.6485805
3.566846600,0.6160883,-0.3248406,-0.2856875,-0.655686
3.586819846,0.6202622,-0.3125991,-0.2743563,-0.6625049
3.606793020,0.6253315,-0.3011942,-0.2620902,-0.6679663
3.626766204,0.6308582,-0.2901028,-0.249319,-0.6725519
3.646739513,0.6361172,-0.2778403,-0.2367044,-0.677317
3.666712759,0.6411766,-0.263447,-0.224721,-0.6823608
3.686685807,0.6469278,-0.2497727,-0.2119323,-0.6861562
3.706659126,0.6533566,-0.2374492,-0.1978047,-0.6886538
3.726632238,0.6596884,-0.2244984,-0.1834313,-0.6909358
3.746605286,0.6658301,-0.2103545,-0.169384,-0.6930786
3.766578584,0.6716596,-0.1961242,-0.1561598,-0.6947304
3.786551664,0.6774685,-0.1840604,-0.1425238,-0.6953222
3.806524942,0.6828237,-0.1729201,-0.1288352,-0.6956145
3.826498032,0.6875423,-0.161892,-0.1160808,-0.695866
3.846471299,0.6919113,-0.1506426,-0.1041876,-0.695944
3.866444399,0.6959454,-0.1397824,-0.09308705,-0.695761
3.886417635,0.6995834,-0.1300976,-0.08185957,-0.6954024
3.908887321,0.7028235,-0.1194838,-0.06961593,-0.6953733
3.928860568,0.7046186,-0.1094966,-0.06034536,-0.696067
3.948833522,0.7057695,-0.09970247,-0.0525724,-0.6970026
3.968806685,0.706516,-0.0912239,-0.04583865,-0.6978825
3.988779901,0.7071918,-0.08438427,-0.03962796,-0.6984385
4.008753105,0.707464,-0.07813388,-0.03452748,-0.6991603
4.028726289,0.7072141,-0.07254449,-0.03108826,-0.7001762
4.048699452,0.7064852,-0.06774756,-0.02919278,-0.7014729
4.068672615,0.705616,-0.06374576,-0.02821077,-0.702762
4.088645726,0.7048945,-0.06046997,-0.0273424,-0.7038092
4.108619025,0.7043753,-0.05720619,-0.02635598,-0.7046389
4.128592240,0.7039651,-0.0537771,-0.02515212,-0.7053624
4.148565351,0.7036434,-0.05027916,-0.0240418,-0.70598
4.168538556,0.7035192,-0.04711182,-0.02286502,-0.7063612
4.188511750,0.7036141,-0.04426866,-0.02118604,-0.706503
4.208484840,0.7038858,-0.04158124,-0.01920233,-0.7064524
4.228458076,0.704304,-0.03887175,-0.01728617,-0.7062392
4.248431364,0.7050617,-0.03636668,-0.01539659,-0.7056602
4.268404506,0.706199,-0.03455406,-0.0133784,-0.7046544
4.288377700,0.7073742,-0.03307869,-0.01118786,-0.7035838
4.308350884,0.7081885,-0.03147693,-0.009149846,-0.7028673
4.328324068,0.7087279,-0.03013513,-0.007568085,-0.702401
4.348297148,0.7092078,-0.02896335,-0.006070695,-0.7019802
4.368270290,0.7095135,-0.02781093,-0.0045689,-0.7017292
4.388243609,0.7098288,-0.02685474,-0.003217452,-0.7014551
4.408216699,0.7103747,-0.02617127,-0.001970069,-0.7009327
4.430686531,0.7110347,-0.02572765,-0.0009601724,-0.7002819
4.450659663,0.7115029,-0.02546513,4.291578E-06,-0.6998163
4.470632847,0.7116271,-0.02512823,0.000980917,-0.6997015
4.490606052,0.7114633,-0.02472711,0.001749118,-0.6998808
4.510578860,0.7114027,-0.02426302,0.002404707,-0.6999567
4.530552326,0.7116975,-0.02335383,0.003104207,-0.6996852
4.550525364,0.7121003,-0.02191664,0.003401885,-0.6993204
4.570498537,0.7123611,-0.01956342,0.003027996,-0.6991263
4.590471731,0.7123109,-0.0163342,0.001772922,-0.6992648
4.610444905,0.7121165,-0.01199365,-0.0005021221,-0.6995524
4.630418162,0.7120049,-0.006244074,-0.003539441,-0.6997322
4.650391241,0.7117744,0.001315797,-0.007389323,-0.6999632
4.670364477,0.7113293,0.0103121,-0.01244512,-0.7002694
4.690337703,0.7109072,0.02033855,-0.01794223,-0.7003593
4.710310887,0.710845,0.03117887,-0.02377736,-0.6998497
4.730284091,0.7101068,0.04292426,-0.03110477,-0.69969
4.750257129,0.7089323,0.05539259,-0.03934872,-0.69959
4.770230167,0.7068963,0.06853991,-0.04933153,-0.6998528
4.790203466,0.7039978,0.08211489,-0.06029227,-0.7004547
4.810176535,0.7009481,0.09580796,-0.07160154,-0.7007092
4.830149792,0.6973385,0.1095536,-0.08374074,-0.7009509
4.850122872,0.6934819,0.12312,-0.09670553,-0.7008566
4.870096035,0.6898529,0.1362009,-0.1101526,-0.7000331
4.890069302,0.6853455,0.1496848,-0.1240431,-0.6993833
4.910042569,0.6805978,0.1636681,-0.1379684,-0.6982778
4.932512286,0.6752068,0.1795589,-0.1530945,-0.6964511
4.952485605,0.671065,0.1899102,-0.1668918,-0.6945362
4.972458581,0.6665035,0.2015882,-0.1809793,-0.692105
4.992431744,0.6608307,0.2142615,-0.1946318,-0.6900296
5.012405011,0.6555522,0.2261467,-0.2075338,-0.6875073
5.032378299,0.6510794,0.2373842,-0.2188522,-0.6844528
5.052351598,0.6475878,0.2470938,-0.2281483,-0.6812861
5.072324646,0.6452094,0.255345,-0.2354966,-0.6779917
5.092297924,0.6436889,0.2626745,-0.2410151,-0.6746897
5.112270972,0.6424668,0.2702004,-0.2456653,-0.6711962
5.132244135,0.6409556,0.2781742,-0.2495425,-0.6679455
5.152217423,0.6396597,0.2858005,-0.2525757,-0.6648208
5.172190555,0.638547,0.2931662,-0.2550009,-0.6617503
5.192163687,0.6371129,0.3008718,-0.2573188,-0.6587702
5.212136808,0.6356549,0.3085486,-0.2601702,-0.6554996
5.232110169,0.6336888,0.3159038,-0.2636191,-0.6525151
5.252083082,0.6308097,0.3228558,-0.2685019,-0.6499059
5.272056245,0.6271964,0.3291903,-0.2748569,-0.6475645
5.292029471,0.6228666,0.3356581,-0.282336,-0.6452016
5.312002488,0.6183906,0.3419319,-0.2907862,-0.6424536
5.331975682,0.6137524,0.3478743,-0.2996262,-0.6396432
5.351948793,0.6083729,0.3542747,-0.3091783,-0.6367168
5.371922029,0.602608,0.3608744,-0.3190996,-0.6335901
5.391895213,0.5964417,0.3677489,-0.3287359,-0.6305382
5.414365003,0.5905054,0.3749397,-0.3394793,-0.626183
5.434338291,0.5852366,0.3819738,-0.3486943,-0.6217991
5.454311496,0.5790057,0.3898082,-0.3583039,-0.6172909
5.474284597,0.5722359,0.3976897,-0.3683433,-0.61265
5.494257718,0.5652211,0.4051669,-0.3780025,-0.6083639
5.514230850,0.558557,0.4118685,-0.3878118,-0.6038279
5.534204034,0.5516357,0.4189419,-0.3969145,-0.5993933
5.554177551,0.5448139,0.4261831,-0.4051283,-0.5950165
5.574150433,0.5384457,0.4331166,-0.4122038,-0.5909331
5.594123648,0.5329546,0.4392843,-0.4180866,-0.5872138
5.614096769,0.5281239,0.4449731,-0.4233151,-0.5835376
5.634070036,0.523787,0.4503866,-0.4276943,-0.5800899
5.654043262,0.5204513,0.4553947,-0.4311114,-0.5766425
5.674016425,0.5183978,0.4597648,-0.433527,-0.5732033
5.693989713,0.5169065,0.4642439,-0.4348724,-0.5699112
5.713962876,0.5158726,0.4686145,-0.4351806,-0.5670287
5.733935987,0.5154278,0.4727007,-0.4343987,-0.5646358
5.753909139,0.5158352,0.47616,-0.4330283,-0.5624053
5.773882302,0.5166317,0.4791489,-0.4313224,-0.5604435
5.793855559,0.5173764,0.4816903,-0.4296003,-0.5588984
5.814002208,0.5182104,0.4834794,-0.4278893,-0.5578926
5.833975527,0.5190903,0.4844418,-0.4263286,-0.5574344
5.853948639,0.519986,0.4844279,-0.425063,-0.5575781
5.873921593,0.5208585,0.4833713,-0.424179,-0.5583535
5.893894850,0.5220209,0.4810451,-0.4233474,-0.5599057
5.913867982,0.523994,0.476944,-0.422179,-0.5624475
5.933841166,0.5270199,0.470818,-0.4203119,-0.5661678
5.956311018,0.5312121,0.4620895,-0.4171903,-0.5717228
5.976284171,0.535143,0.4531869,-0.4134764,-0.5778481
5.996257386,0.5397878,0.4429459,-0.408473,-0.5849834
6.016230455,0.5453303,0.4312655,-0.4015113,-0.5933305
6.036203639,0.5522627,0.4180399,-0.3926503,-0.6022473
6.056176917,0.5598159,0.4036905,-0.3818838,-0.6119088
6.076149986,0.5674815,0.3891262,-0.3691299,-0.6220259
6.096123337,0.5759347,0.3741146,-0.3545986,-0.6318426
6.116096447,0.5847852,0.3587126,-0.337974,-0.6416796
6.136069684,0.5950794,0.3418802,-0.3199832,-0.6505666
6.156042899,0.6053984,0.324871,-0.3007318,-0.6588928
6.176016051,0.6150874,0.3086666,-0.2808641,-0.6664348
6.195989162,0.6244806,0.2928315,-0.2610117,-0.6728849
6.215962356,0.6332892,0.2766911,-0.2409064,-0.678954
6.235935572,0.6425068,0.2596265,-0.2212895,-0.683694
6.255908766,0.6513005,0.2426906,-0.2024773,-0.687415
6.275881908,0.6590956,0.2266945,-0.1849309,-0.6903846
6.295855061,0.6660021,0.2116601,-0.1689193,-0.6926291
6.315828068,0.6714412,0.1972223,-0.1542908,-0.6950482
6.335801335,0.6763643,0.1828781,-0.1411661,-0.696984
6.355774602,0.6801739,0.1698218,-0.1299251,-0.698764
6.375747557,0.6830828,0.1577547,-0.1207242,-0.7004033
6.395720699,0.685721,0.1460983,-0.1128993,-0.7016577
6.418190510,0.687673,0.133371,-0.1054859,-0.7034334
6.438163767,0.6894154,0.1224233,-0.1000313,-0.7045143
6.458136940,0.6912088,0.1113743,-0.09522823,-0.7052555
6.478110114,0.6929267,0.1004635,-0.09073846,-0.7058002
6.498083433,0.6944352,0.09048404,-0.08647171,-0.706203
6.518056617,0.6963626,0.08043598,-0.08182679,-0.7060745
6.538029811,0.6988383,0.07106559,-0.07606001,-0.7052782
6.558003016,0.7013749,0.06232851,-0.06991863,-0.7042211
6.577976148,0.7041323,0.05307903,-0.06265039,-0.7029104
6.597949331,0.7073395,0.04217802,-0.05360786,-0.7011745
6.617922359,0.7100534,0.03063131,-0.04353105,-0.6997275
6.637895647,0.712432,0.01945662,-0.03323495,-0.6982731
6.657868758,0.7148085,0.008651968,-0.02202309,-0.6965032
6.677841963,0.7173738,-0.0009602188,-0.009694948,-0.6941957
6.697815115,0.7198551,-0.008090996,0.002591948,-0.6916388
6.717788080,0.7217004,-0.0126236,0.01400493,-0.6895075
6.737761441,0.7231302,-0.0147366,0.02410557,-0.6876862
6.757734677,0.7237864,-0.01519429,0.03215466,-0.6866559
6.777707726,0.72366,-0.01387674,0.03784101,-0.686527
6.797680712,0.7226927,-0.01053402,0.04080241,-0.6874351
6.817653937,0.7204837,-0.004840256,0.04097228,-0.6898034
6.837627152,0.7171987,0.002438348,0.03917139,-0.6933349
6.857600346,0.712689,0.01075518,0.03559755,-0.6980825
6.877573457,0.7068532,0.01941394,0.03012642,-0.704061
6.897546704,0.7001953,0.02718756,0.02267484,-0.7107046
6.917519773,0.6932707,0.03283828,0.01465248,-0.7174332
6.939989615,0.6847744,0.03702375,0.004996168,-0.7254764
6.959962893,0.6766058,0.03834654,-0.003868837,-0.7330395
6.979935775,0.6681267,0.03753543,-0.01243355,-0.7407233
6.999909198,0.6606129,0.03471083,-0.01902508,-0.7474298
7.019882340,0.6542857,0.03112982,-0.02422449,-0.752982
7.039855524,0.6492144,0.0291826,-0.02790569,-0.7573096
7.059828718,0.6452184,0.02933401,-0.02949684,-0.7606514
7.079801861,0.6420151,0.03127305,-0.0292139,-0.7632909
7.099775149,0.6398051,0.03382331,-0.02799121,-0.7650814
7.119748333,0.6395153,0.0349321,-0.02555001,-0.7653593
7.139721496,0.6413809,0.03590903,-0.02310785,-0.763829
7.159694669,0.6455766,0.03796119,-0.02093367,-0.7602494
7.179667738,0.651761,0.04020716,-0.01877418,-0.7548949
7.199640995,0.6599831,0.04217647,-0.01614563,-0.7476701
7.219614137,0.6699109,0.04396793,-0.01327607,-0.7387406
7.239587373,0.6816522,0.04517804,-0.01004156,-0.7278984
7.259560578,0.6946751,0.04588351,-0.00685284,-0.7154731
7.279533595,0.7086042,0.04584084,-0.004286868,-0.7017036
7.299506779,0.7226098,0.04529088,-0.002440119,-0.6873176
7.319480046,0.7365607,0.04399537,-0.001397331,-0.6724346
7.339453168,0.7501788,0.04233789,-0.001096952,-0.657317
7.359426435,0.7635806,0.03998866,-0.0009424558,-0.6418507
7.379399452,0.7762948,0.03706406,-0.0009359851,-0.6265935
7.401869253,0.7896513,0.03313698,-0.001137077,-0.6099009
7.421842530,0.8008832,0.03015576,-0.002300594,-0.5952302
7.441815568,0.8122297,0.02776378,-0.003852033,-0.5797628
7.461788804,0.8249164,0.02513568,-0.004005009,-0.5616873
7.481761957,0.8385686,0.02205673,-0.002124307,-0.5412387
7.501735016,0.8535821,0.01868805,0.00180643,-0.5173709
7.521708325,0.8690291,0.01668719,0.006972612,-0.491008
7.541681404,0.8843589,0.01588798,0.01342835,-0.4627142
7.561654661,0.8991433,0.0166184,0.02121763,-0.4329464
7.581627762,0.9127482,0.0195295,0.02960831,-0.4028154
7.601600987,0.9252254,0.02389675,0.03777691,-0.3722733
7.621574067,0.9367461,0.02889106,0.04521975,-0.3409618
7.641547240,0.9468699,0.03454768,0.05199457,-0.3101099
7.661520529,0.9556792,0.03982187,0.05845508,-0.2798248
7.681493629,0.9632305,0.04388186,0.06501476,-0.2503239
7.701466730,0.9695284,0.04731058,0.07096507,-0.2221887
7.721439913,0.975066,0.05055949,0.07447652,-0.1943478
7.741413191,0.9798234,0.05329038,0.07608025,-0.1671695
7.761386302,0.9836563,0.05529617,0.07627479,-0.1420294
7.781359611,0.9867128,0.05604345,0.07495279,-0.1194431
7.801332545,0.9893109,0.05469712,0.07297486,-0.09784856
7.821305749,0.9915493,0.05280437,0.06941191,-0.07649495
7.841278964,0.9933563,0.05057774,0.06434087,-0.05632812
7.861252221,0.9948013,0.04737478,0.05858567,-0.03635012
7.883721970,0.995997,0.04305704,0.05080485,-0.01351003
7.903694997,0.9966009,0.0393664,0.04259616,0.007069952
7.923668285,0.9967135,0.03604227,0.03391059,0.02721536
7.943641355,0.9963751,0.03311378,0.02568436,0.04591227
7.963614611,0.9956629,0.03013249,0.01832215,0.06355622
7.983587816,0.9945774,0.02715209,0.01155772,0.08107147
8.003560854,0.993134,0.02475286,0.004232476,0.09839634
8.023534090,0.9914504,0.02273837,-0.002964886,0.114577
8.043507253,0.9896017,0.02052059,-0.008696569,0.1296894
8.063480416,0.9876096,0.01884012,-0.01319635,0.1439645
8.083453569,0.9855648,0.01838475,-0.01749037,0.1569897
8.103426784,0.9836431,0.01894552,-0.0213791,0.1681015
8.123399843,0.9820801,0.01996912,-0.02371568,0.1765933
8.143372995,0.9810085,0.02086321,-0.02469568,0.1822219
8.163346179,0.980401,0.02183828,-0.02509136,0.1852972
8.183319165,0.9802547,0.0228529,-0.02547475,0.1858954
8.203292412,0.9805828,0.02368766,-0.0255679,0.1840389
8.223265679,0.9812831,0.02382122,-0.02513663,0.1803106
8.243238779,0.9822991,0.02343785,-0.02418871,0.1748763
8.263211994,0.9835643,0.02299188,-0.02297816,0.1678454
8.283185158,0.9849884,0.02223891,-0.02150702,0.1595884
8.303158268,0.9864578,0.02054907,-0.01974149,0.150721
8.323131504,0.9879946,0.01841771,-0.01721248,0.1409216
8.343104594,0.9895785,0.01598006,-0.01371588,0.1300717
8.363077893,0.9912273,0.01376193,-0.009094833,0.1175756
8.385547662,0.9930703,0.01146952,-0.00267238,0.10149
8.405520700,0.9945677,0.009686581,0.003505253,0.0857708
8.425493988,0.9958693,0.00842124,0.009637948,0.06861647
8.445467151,0.9969017,0.007750749,0.01596653,0.04999606
8.465440262,0.9975886,0.007433985,0.02262299,0.02962116
8.485413415,0.9978325,0.007321277,0.02901001,0.00790264
8.505386547,0.9975573,0.007336396,0.03491524,-0.01530109
8.525359720,0.9966201,0.007146454,0.04072355,-0.04082216
8.545332915,0.994868,0.006145569,0.04671496,-0.06815583
8.565306109,0.9922351,0.005013713,0.05134471,-0.09713797
8.585279282,0.9886479,0.004292117,0.05470081,-0.1272491
8.605252383,0.9840308,0.003022883,0.05774829,-0.158009
8.625225546,0.9783584,0.0004408979,0.06090514,-0.1890309
8.645198813,0.971577,-0.002805944,0.06426609,-0.2202897
8.665172039,0.9635202,-0.005590908,0.06762164,-0.2522948
8.685145139,0.9544998,-0.007650486,0.06888267,-0.2841734
8.705118323,0.9446389,-0.0099314,0.06830492,-0.3154689
8.725091517,0.9336932,-0.01327243,0.0670598,-0.3466576
8.745064545,0.9218521,-0.01772329,0.06583529,-0.3770518
8.765037854,0.9088137,-0.02203376,0.06441166,-0.4074937
8.785010902,0.8949438,-0.02619033,0.06176777,-0.4372666
8.804984076,0.8807247,-0.03048875,0.05777026,-0.465494
8.824957249,0.8662351,-0.03416486,0.05244469,-0.4922871
8.844930506,0.8514572,-0.03716359,0.04642974,-0.5177947
8.867400296,0.8339494,-0.04012704,0.03882563,-0.5459288
8.887373417,0.8182395,-0.04228361,0.03111924,-0.5695221
8.907346538,0.802914,-0.04406493,0.02305903,-0.5911711
8.927319774,0.7876418,-0.04453087,0.01487304,-0.6115914
8.947293000,0.7726851,-0.04383282,0.006287703,-0.6305749
8.967266101,0.7585051,-0.04290337,-0.001891437,-0.6476521
8.987239274,0.7450501,-0.04135311,-0.00934606,-0.6631218
9.007212312,0.7332219,-0.03989985,-0.01588119,-0.6761428
9.027185579,0.7235551,-0.03846326,-0.02127446,-0.6864136
9.047158805,0.7161943,-0.0366335,-0.02470895,-0.6940756
9.067131874,0.710741,-0.03374368,-0.02626461,-0.6997474
9.087105172,0.7073117,-0.03087381,-0.02616798,-0.703349
9.107078471,0.705498,-0.02787106,-0.02484556,-0.7053412
9.127051582,0.7055472,-0.02512492,-0.02185447,-0.7054941
9.147024672,0.7072761,-0.02290407,-0.01658541,-0.7039805
9.166997950,0.7098557,-0.02119508,-0.01015676,-0.7015555
9.186971154,0.7129127,-0.01979895,-0.002942644,-0.6985573
9.206944161,0.7162774,-0.01880788,0.00500703,-0.6951227
9.226917397,0.7200432,-0.01812213,0.01352356,-0.6911254
9.246890404,0.722217,-0.0192794,0.01558837,-0.6887784
9.266863609,0.7178395,-0.01769942,0.01122875,-0.6934659
9.286836678,0.7156904,-0.01617158,0.009922445,-0.6957407
9.306809903,0.714994,-0.0150957,0.008464583,-0.6964997
9.326783317,0.7142355,-0.0137252,0.007397314,-0.6973178
9.346756198,0.7151096,-0.01326502,0.007362729,-0.6964307
9.369226041,0.714335,-0.01281933,0.004221365,-0.6972597
9.389199402,0.7129044,-0.01197605,0.0009293169,-0.6987494
9.409172763,0.7144601,-0.01270277,0.001637528,-0.6971446
9.429145592,0.7153881,-0.01251112,0.002333887,-0.6961937
9.449118797,0.7149935,-0.01208622,0.001772,-0.6966079
9.469092002,0.7151472,-0.0126656,0.002072093,-0.6964391
9.489065321,0.7150537,-0.01392423,0.002236075,-0.6965106
9.509038338,0.7150308,-0.01528906,0.002213264,-0.6965055
9.529011553,0.7156042,-0.01614667,0.002754853,-0.6958952
9.548984675,0.7163014,-0.01672491,0.003372707,-0.695161
9.568957858,0.7164547,-0.01694346,0.003402462,-0.6949977
9.588930803,0.7167239,-0.01696728,0.00360148,-0.6947184
9.608904070,0.7168472,-0.01692356,0.003607559,-0.6945922
9.628877233,0.7167273,-0.01670218,0.003319162,-0.6947228
9.648850448,0.716887,-0.01654193,0.003548205,-0.6945606
9.668823632,0.7169598,-0.01662116,0.003718737,-0.6944827
9.688796983,0.7169074,-0.01662821,0.003715514,-0.6945367
9.708769791,0.7169871,-0.01658534,0.003822352,-0.6944548
9.728743027,0.716978,-0.01639826,0.003925001,-0.6944681
9.748716149,0.7169741,-0.01646902,0.003962856,-0.6944703
9.768689468,0.7168276,-0.0165403,0.00390276,-0.6946201
9.788662725,0.7173776,-0.01709152,0.004299863,-0.6940364
9.808635617,0.7178425,-0.01756528,0.004552044,-0.6935421
9.828608884,0.7174444,-0.01739834,0.004359143,-0.6939592
9.848582068,0.7177972,-0.0174104,0.004700203,-0.693592
9.871051879,0.7177045,-0.01768468,0.004644898,-0.6936812
9.891025115,0.7180955,-0.01801067,0.00502291,-0.6932654
9.910998236,0.7181048,-0.01800282,0.005075608,-0.6932556
9.930971389,0.7177945,-0.01783863,0.004798451,-0.6935831
9.950944385,0.7181332,-0.0180799,0.005182499,-0.6932235
9.970917798,0.7181041,-0.01833436,0.005212968,-0.6932466
9.990890794,0.7181674,-0.01841041,0.005276844,-0.6931785
10.010864082,0.7180294,-0.01835243,0.005344618,-0.6933225
10.030837475,0.7181418,-0.01847739,0.005434514,-0.6932021
10.050810242,0.7182507,-0.01868339,0.005540817,-0.6930829
10.070783478,0.7183931,-0.01879149,0.005686662,-0.6929312
10.090756641,0.7183737,-0.01873739,0.005680357,-0.6929529
10.110730085,0.7183364,-0.01877245,0.005674207,-0.6929906
10.130702998,0.7186407,-0.01900235,0.005920861,-0.6926667
10.150676307,0.7186404,-0.01904499,0.00584313,-0.6926664
10.170649366,0.7186462,-0.01903826,0.005903423,-0.6926602
10.190622519,0.7186079,-0.01914991,0.006035625,-0.6926956
10.210595952,0.718703,-0.01930495,0.006093956,-0.6925922
10.230568793,0.7188994,-0.0194449,0.006201691,-0.6923833
10.250542102,0.7189513,-0.01945874,0.006231323,-0.6923288
10.270515181,0.719004,-0.01949929,0.006256838,-0.6922727
10.290488313,0.7190704,-0.01962193,0.00634114,-0.6921995
10.310461268,0.7192219,-0.01976078,0.00645089,-0.6920373
10.330434650,0.7192453,-0.01978115,0.006458207,-0.6920122
10.350408042,0.7193724,-0.0198106,0.006514233,-0.6918788
10.370381121,0.7195223,-0.01992298,0.006587776,-0.691719
10.392850880,0.7197543,-0.02006418,0.006660377,-0.6914728
10.412823929,0.7198936,-0.02009305,0.006730708,-0.6913262
10.432797217,0.7199687,-0.02011111,0.006715403,-0.6912475
10.452770276,0.7201855,-0.0202218,0.006831612,-0.6910174
10.472743616,0.7202395,-0.020328,0.00688879,-0.6909574
10.492716768,0.7202649,-0.02035332,0.0069355,-0.6909296
10.512690025,0.7203714,-0.02038402,0.007003167,-0.6908171
10.532663022,0.7206053,-0.02043406,0.00706394,-0.690571
10.552636164,0.7208212,-0.02052088,0.007154321,-0.6903421
10.572609421,0.7208565,-0.02057819,0.007225973,-0.6903028
10.592582365,0.7208485,-0.02055553,0.007190888,-0.6903121
10.612555840,0.7209253,-0.02058763,0.007203435,-0.6902309
10.632528868,0.7211404,-0.02068933,0.007343093,-0.6900015
