Time (s),Gyroscope X (deg/s),Gyroscope Y (deg/s),Gyroscope Z (deg/s),Accelerometer X (g),Accelerometer Y (g),Accelerometer Z (g),Magnetometer X (uT),Magnetometer Y (uT),Magnetometer Z (uT),Barometer (hPa)
0.000000000,-0.1334012,-0.1306627,0.01616004,-0.0273246,0.007855739,1.010469,-0.4640059,-19.16631,-40.76735,1027.018
0.020053287,-0.01172757,0.1130974,0.1377926,-0.004300929,0.01507135,1.026514,-0.4640059,-19.16631,-40.76735,1027.018
0.040106375,-0.01172757,0.6006174,-0.1054725,-0.01942871,0.02339164,0.9722468,-0.4622631,-18.81277,-41.20001,1027.018
0.060159526,0.1099461,0.2349774,0.01616004,-0.01183875,0.007844622,0.9877596,-0.4622631,-18.81277,-41.20001,1027.018
0.080212698,0.2924566,0.6006174,-0.1054725,-0.01183875,0.007844622,0.9877596,-0.05174112,-19.49445,-42.13946,1027.018
0.100265911,0.04910926,0.2349774,-0.1054725,-0.01183938,0.02309239,0.9955515,-0.05174112,-19.49445,-42.13946,1027.018
0.120319187,0.2316198,0.05215734,-0.04465623,0.003510582,0.007572439,0.9958587,-1.158785,-19.1722,-41.70135,1027.018
0.140372161,0.2316198,0.2959174,0.01616004,-0.01182199,0.01550114,0.9878045,-1.158785,-19.1722,-41.70135,1027.018
0.160425406,0.1099461,0.4787374,-0.1662888,-0.01951435,0.03085236,0.9953979,-1.158785,-19.1722,-41.70135,1027.018
0.180478609,0.1099461,0.2349774,-0.227105,-0.004147646,0.02298893,0.99575,-0.8127711,-18.82357,-40.82676,1027.02
0.200531666,-0.2550749,-0.06972268,0.01616004,-0.01949697,0.02326111,0.9876509,-0.8127711,-18.82357,-40.82676,1027.02
0.220584880,-0.1942381,0.05215734,0.01616004,-0.01183875,0.007844622,0.9877596,-0.8113852,-18.82008,-41.2002,1027.02
0.240638156,0.04910926,0.1740374,-0.04465623,-0.004130265,0.01539768,0.988003,-0.8113852,-18.82008,-41.2002,1027.02
0.260691015,-0.1942381,0.1130974,-0.04465623,-0.02723959,0.01564279,0.9951095,-0.8113852,-18.82008,-41.2002,1027.02
0.280744375,0.4141303,0.6615574,-0.04465623,-0.01180524,0.02315765,0.9878494,-0.8077941,-18.46189,-42.13079,1027.02
0.300797432,0.3532934,0.4787374,-0.1662888,-0.01180524,0.02315765,0.9878494,-0.8077941,-18.46189,-42.13079,1027.02
0.320850771,0.3532934,0.3568574,-0.04465623,-0.01183938,0.02309239,0.9955515,-1.160381,-18.47793,-41.19736,1027.021
0.340903619,0.2316198,0.1740374,0.1377926,-0.004113514,0.02305419,0.988048,-1.160381,-18.47793,-41.19736,1027.021
0.360957354,-0.01172757,0.2959174,0.1377926,-0.01187288,0.007779356,0.9954616,-1.160381,-18.47793,-41.19736,1027.021
0.381010307,0.2924566,0.2959174,-0.1662888,-0.01180524,0.02315765,0.9878494,-0.809411,-18.46596,-41.6951,1027.021
0.401063354,-0.01172757,0.2349774,0.07697631,-0.01183875,0.007844622,0.9877596,-0.809411,-18.46596,-41.6951,1027.021
0.421116578,0.1707829,0.1130974,-0.04465623,-0.01190701,0.007714089,1.003164,-0.811259,-18.47062,-41.19717,1027.021
0.441169718,0.1707829,0.2959174,0.1377926,-0.01187288,0.007779356,0.9954616,-0.811259,-18.47062,-41.19717,1027.02
0.461222630,-0.01172757,0.2959174,0.07697631,-0.004130896,0.03064544,0.995795,-0.811259,-18.47062,-41.19717,1027.02
0.481276072,0.4141303,0.4177974,0.1377926,-0.004147646,0.02298893,0.99575,-0.8116372,-19.51901,-41.20626,1027.02
0.501329078,0.1707829,-0.1916027,-0.04465623,-0.01187288,0.007779356,0.9954616,-0.8116372,-19.51901,-41.20626,1027.02
0.521382302,0.1099461,0.1130974,0.01616004,-0.01183938,0.02309239,0.9955515,-0.4620321,-18.81219,-41.26225,1027.02
0.541435713,-0.07256441,0.2349774,0.01616004,-0.01187288,0.007779356,0.9954616,-0.4620321,-18.81219,-41.26225,1027.02
0.561488645,0.1099461,-0.008782674,0.01616004,-0.004164397,0.01533241,0.9957051,-0.4620321,-18.81219,-41.26225,1027.021
0.581541921,0.3532934,0.3568574,-0.04465623,-0.01949634,0.008013345,0.9798589,0.2961419,-18.44282,-41.69449,1027.021
0.601594895,0.2316198,-0.2525427,-0.04465623,-0.004266166,-0.0001111506,1.011019,0.2961419,-18.44282,-41.69449,1027.02
0.621648234,0.04910926,0.1740374,0.01616004,-0.01965025,0.01534353,1.018414,-1.162124,-18.83146,-40.76471,1027.02
0.641701427,-0.01172757,-0.1306627,-0.1054725,-0.01190764,0.02296185,1.010956,-1.162124,-18.83146,-40.76471,1027.024
0.661754609,-0.01172757,-0.1306627,0.1377926,-0.01182199,0.01550114,0.9878045,-1.162124,-18.83146,-40.76471,1027.024
0.681807739,0.2316198,0.1130974,0.3202414,-0.01185613,0.01543587,0.9955066,-0.8080461,-19.16082,-42.13684,1027.024
0.701861057,-0.1334012,-0.1916027,0.01616004,-0.004147646,0.02298893,0.99575,-0.8080461,-19.16082,-42.13684,1027.024
0.721914062,0.2924566,0.6006174,-0.04465623,-0.01187288,0.007779356,0.9954616,-0.8116372,-19.51901,-41.20626,1027.026
0.741967390,-0.01172757,0.2959174,-0.04465623,-0.01956461,0.007882813,0.9952631,-0.8116372,-19.51901,-41.20626,1027.026
0.762020426,0.1707829,0.2959174,0.01616004,-0.01190701,0.007714089,1.003164,-0.8116372,-19.51901,-41.20626,1027.026
0.782073400,-0.3159117,0.2959174,-0.04465623,-0.01956461,0.007882813,0.9952631,-1.157042,-18.81866,-42.13401,1027.026
0.802126645,0.4141303,0.1130974,-0.04465623,-0.01187351,0.02302712,1.003254,-1.157042,-18.81866,-42.13401,1027.024
0.822180015,0.2316198,0.1740374,-0.04465623,-0.01961612,0.01540879,1.010712,-0.4622631,-18.81277,-41.20001,1027.024
0.842233020,0.04910926,0.2349774,0.01616004,-0.004283547,0.007480098,1.018766,-0.4622631,-18.81277,-41.20001,1027.024
0.862286285,0.04910926,0.2959174,0.01616004,-0.02727372,0.01557752,1.002812,-0.4622631,-18.81277,-41.20001,1027.022
0.882339436,0.2924566,0.4787374,-0.04465623,-0.01183875,0.007844622,0.9877596,-1.160507,-18.82739,-41.20039,1027.022
0.902392587,0.1099461,0.2349774,0.07697631,-0.01187351,0.02302712,1.003254,-1.160507,-18.82739,-41.20039,1027.022
0.922445811,0.1099461,0.2959174,-0.1054725,-0.01182263,0.0307489,0.9955964,-0.8076682,-18.11242,-42.12775,1027.022
0.942498973,0.1099461,0.4177974,0.01616004,-0.01187351,0.02302712,1.003254,-0.8076682,-18.11242,-42.12775,1027.022
0.962552155,0.04910926,0.05215734,-0.1054725,-0.01187351,0.02302712,1.003254,-0.8076682,-18.11242,-42.12775,1027.022
0.982605337,-0.01172757,-0.1306627,0.07697631,-0.01180524,0.02315765,0.9878494,-0.462641,-19.86117,-41.2091,1027.021
1.002658353,-0.07256441,0.05215734,-0.04465623,-0.01189026,0.0153706,1.003209,-0.462641,-19.86117,-41.2091,1027.021
1.022711764,0.2316198,0.1740374,-0.1054725,-0.01183938,0.02309239,0.9955515,-0.8113852,-18.82008,-41.2002,1027.022
1.042764717,-0.1334012,-0.1306627,-0.04465623,-0.01958199,0.01547406,1.00301,-0.8113852,-18.82008,-41.2002,1027.022
1.062817660,0.1707829,-0.008782674,0.01616004,-0.01190764,0.02296185,1.010956,-0.05495405,-18.80425,-41.19979,1027.022
1.082871009,0.04910926,0.1740374,0.01616004,-0.01183875,0.007844622,0.9877596,-0.05495405,-18.80425,-41.19979,1027.022
1.102924285,0.1099461,0.1130974,0.01616004,-0.00419853,0.01526714,1.003407,-0.05495405,-18.80425,-41.19979,1027.021
1.122977603,0.2316198,0.2349774,0.01616004,-0.01956461,0.007882813,0.9952631,-0.460289,-18.45865,-41.6949,1027.021
1.143030473,-0.01172757,0.3568574,-0.04465623,-0.01187288,0.007779356,0.9954616,-0.460289,-18.45865,-41.6949,1027.021
1.163083665,0.1099461,0.05215734,0.01616004,-0.004181148,0.007675897,0.9956602,-1.160507,-18.82739,-41.20039,1027.021
1.183136900,0.3532934,0.2349774,3.482687,-0.09646641,0.04706944,1.008907,-1.160507,-18.82739,-41.20039,1027.019
1.203190061,0.4141303,1.088138,3.786769,0.02626687,-0.122964,1.003392,-1.160507,-18.82739,-41.20039,1027.019
1.223243410,0.04910926,-0.008782674,-5.457304,0.04200273,0.02236818,0.9969413,-1.158659,-18.82273,-41.69832,1027.021
1.243296467,-0.3159117,-0.06972268,0.4418739,-0.09626414,0.1084521,0.9938619,-1.158659,-18.82273,-41.69832,1027.021
1.263349504,0.7791513,0.6006174,-2.112409,0.03404173,-0.06953708,1.011608,-0.811259,-18.47062,-41.19717,1027.022
1.283402696,-0.4375854,-0.1916027,0.01616004,0.03422598,0.01468459,1.012102,-0.811259,-18.47062,-41.19717,1027.022
1.303455702,-0.1334012,-0.06972268,-1.078533,-0.08094832,0.09286688,1.001871,-0.811259,-18.47062,-41.19717,1027.022
1.323508946,0.3532934,0.6006174,0.4418739,0.01110307,-0.06896564,0.9802037,-0.4625151,-19.5117,-41.20607,1027.022
1.343562097,0.1707829,-0.3134828,-0.4095539,0.04972733,0.05282552,1.005022,-0.4625151,-19.5117,-41.20607,1027.022
1.363615217,0.1707829,0.7834375,0.4418739,-0.07340672,0.008607022,0.9938733,-1.509503,-18.48524,-41.19756,1027.022
1.383668597,0.1099461,-0.1306627,0.01616004,0.003409445,-0.02311889,1.003381,-1.509503,-18.48524,-41.19756,1027.024
1.403721498,0.04910926,-0.06972268,0.3202414,0.0190113,0.06096113,0.9965703,-1.509503,-18.48524,-41.19756,1027.024
1.423774910,0.1099461,0.5396774,1.050037,-0.08882304,-0.02174686,0.9855944,-2.207873,-18.84931,-41.20097,1027.024
1.443827957,0.2316198,-0.008782674,0.4418739,0.04205299,0.04533772,0.9970761,-2.207873,-18.84931,-41.20097,1027.02
1.463881295,-0.07256441,0.1130974,0.9892203,-0.004197899,1.938269E-05,0.9956152,-0.8095372,-18.81543,-41.69813,1027.02
1.483934175,0.1099461,-0.008782674,0.2594251,0.01125067,0.07618182,1.019568,-0.8095372,-18.81543,-41.69813,1027.02
1.503987608,0.04910926,0.6006174,0.3810576,-0.004365408,-0.07654577,0.9951658,-0.8095372,-18.81543,-41.69813,1027.02
1.524040665,-0.1942381,-0.1306627,0.3810576,0.04215286,0.1065246,1.005138,-1.507781,-18.83004,-41.69851,1027.021
1.544094014,0.1099461,0.1740374,0.07697631,-0.004282916,-0.007767667,1.010975,-1.507781,-18.83004,-41.69851,1027.021
1.564147259,-0.07256441,-0.1916027,0.9284041,-0.03516835,-0.03045391,1.02545,-0.4625151,-19.5117,-41.20607,1027.021
1.584200160,-0.1334012,-0.06972268,-0.3487376,-0.004047141,0.06892802,0.9960197,-0.4625151,-19.5117,-41.20607,1027.021
1.604253498,-0.2550749,0.05215734,-0.6528189,-0.004232032,-4.58844E-05,1.003317,-0.4625151,-19.5117,-41.20607,1027.02
1.624306587,0.04910926,0.1130974,1.232485,-0.03496482,0.0004332159,0.9948211,-0.460289,-18.45865,-41.6949,1027.02
1.644359759,0.04910926,0.1740374,-1.139349,0.02658451,0.03775759,1.012038,-0.460289,-18.45865,-41.6949,1027.02
1.664412836,0.04910926,0.1740374,0.2594251,-0.01185613,0.01543587,0.9955066,-0.8095372,-18.81543,-41.69813,1027.02
1.684466300,0.4141303,-0.1916027,0.07697631,-0.03508397,-0.0074191,1.017882,-0.8095372,-18.81543,-41.69813,1027.018
1.704519378,6.315303,-0.8010029,-1.44343,-0.01177237,0.05371846,0.9957312,-0.8095372,-18.81543,-41.69813,1027.018
1.724572467,6.801998,-1.593223,-0.1054725,-0.05824354,-0.03014354,1.024854,-0.4589241,-19.15351,-42.13665,1027.02
1.744625701,2.543419,-2.933903,-1.321798,-0.02758092,0.01499012,1.07213,-0.4589241,-19.15351,-42.13665,1027.02
1.764678852,3.760156,-7.321584,-2.903021,-0.08171095,-0.03820761,1.108937,-0.813128,-19.17362,-40.76754,1027.018
1.784732013,6.254466,-11.1608,-6.126283,0.01055694,-0.0700099,1.103437,-0.813128,-19.17362,-40.76754,1027.018
1.804785123,9.904676,-16.40165,-5.883018,-0.004420079,0.007219033,1.049575,-0.813128,-19.17362,-40.76754,1027.02
1.824838326,11.24309,-16.58447,-3.572,0.04176254,0.05240685,1.06644,-0.05520606,-19.50318,-41.20585,1027.02
1.844891425,13.67656,-17.31575,-1.078533,0.04177992,0.04481559,1.058693,-0.05520606,-19.50318,-41.20585,1027.02
1.864944617,16.53589,-15.79225,0.8067716,0.05748796,0.03760482,0.9820241,-1.509881,-19.53363,-41.20665,1027.02
1.884997685,21.76786,-11.7702,1.47575,0.04994825,0.07612139,0.9666461,-1.509881,-19.53363,-41.20665,1027.02
1.905051003,26.14811,-8.052864,2.023097,0.05777651,0.076279,0.9360362,-1.509881,-19.53363,-41.20665,1027.02
1.925104123,31.80594,-4.152703,1.47575,0.0346163,0.06880232,0.9507999,-1.164119,-19.88393,-40.33811,1027.021
1.945157211,36.79456,-1.044763,1.719016,0.04235892,0.07642065,0.9433413,-1.164119,-19.88393,-40.33811,1027.021
1.965210341,41.47899,2.367878,3.421871,0.03480435,0.0615374,0.9045424,-1.862889,-21.35465,-40.35112,1027.026
1.985263576,46.34594,5.963338,4.334115,0.04240917,0.09939019,0.9434761,-1.862889,-21.35465,-40.35112,1027.026
2.005316706,50.48285,7.608719,4.759829,0.03475094,0.1148067,0.9433674,-2.56634,-21.73153,-38.98523,1027.026
2.025369794,53.15966,8.339999,4.212482,0.01169313,0.1075258,0.9350247,-2.56634,-21.73153,-38.98523,1027.026
2.045423049,56.019,8.218119,2.327178,-0.01148508,0.1228881,0.9653274,-2.56634,-21.73153,-38.98523,1027.026
2.065476398,57.05322,7.486839,-0.1662888,-0.03452614,0.1232638,0.9570296,-2.219612,-23.88333,-38.56804,1027.023
2.085529570,58.75665,5.963338,-3.08547,-0.0114007,0.1459229,0.9577601,-2.219612,-23.88333,-38.56804,1027.023
2.105582680,61.25097,5.292998,-5.518121,-0.003641333,0.1611978,0.9503465,-2.224967,-25.2934,-37.27309,1027.021
2.125635872,64.7795,5.049238,-7.099344,-0.003539565,0.1766414,0.9350321,-2.224967,-25.2934,-37.27309,1027.021
2.145688919,69.15975,4.927358,-8.194036,0.01192828,0.1994693,0.9278619,-2.224967,-25.2934,-37.27309,1027.021
2.165742164,72.80996,5.292998,-7.707506,-0.003285778,0.230498,0.9045383,-1.883069,-26.75907,-35.48054,1027.021
2.185795315,76.8252,5.658638,-7.889955,0.01216468,0.2609172,0.9051152,-1.883069,-26.75907,-35.48054,1027.024
2.205848445,80.41457,5.597699,-7.403425,-0.01846759,0.3073354,0.8968885,-0.495527,-28.49811,-33.25425,1027.024
2.225901638,84.24728,4.439838,-7.403425,-0.003017763,0.3530023,0.9052574,-0.495527,-28.49811,-33.25425,1027.024
2.245954830,87.04578,3.099158,-6.004651,0.04313136,0.3828771,0.9220325,-0.495527,-28.49811,-33.25425,1027.024
2.266007992,89.90511,3.281978,-3.754449,0.05885551,0.3985706,0.8532006,-1.20299,-31.03818,-31.03567,1027.018
2.286061091,92.39942,3.281978,-3.146286,0.01282176,0.4680347,0.8601159,-1.20299,-31.03818,-31.03567,1027.018
2.306114211,93.55532,2.428818,-3.754449,-0.02567165,0.4837344,0.8746173,-0.8665521,-33.56504,-27.8829,1027.018
2.326167383,91.48687,-0.5572428,-3.936898,-0.02567292,0.51423,0.8902013,-0.8665521,-33.56504,-27.8829,1027.018
2.346220711,90.27013,-3.787063,-3.693632,-0.0254874,0.5679561,0.8751116,-0.8665521,-33.56504,-27.8829,1027.02
2.366273768,87.4108,-2.507323,-4.301795,-0.0406294,0.5076288,0.789632,0.2300549,-35.31017,-25.65676,1027.02
2.386326950,83.88226,0.05215734,-6.551997,-0.04056366,0.5687504,0.8053957,0.2300549,-35.31017,-25.65676,1027.021
2.406380132,81.38795,-1.227583,-10.50505,-0.05577835,0.6150269,0.7898641,-0.5421679,-37.51886,-21.6302,1027.021
2.426433325,82.118,-5.554324,-14.3973,-0.03239722,0.6457995,0.7367248,-0.5421679,-37.51886,-21.6302,1027.021
2.446486486,82.90887,-6.224664,-17.62056,-0.009117868,0.6611285,0.6988999,-0.5421679,-37.51886,-21.6302,1027.021
2.466539575,81.20544,-6.895004,-16.2826,0.02180233,0.6686323,0.6689306,0.2052958,-39.32954,-19.40477,1027.02
2.486592799,79.50201,-7.626284,-14.64056,0.02145974,0.6984751,0.7615354,0.2052958,-39.32954,-19.40477,1027.02
2.506646148,77.92026,-10.00294,-13.48505,-0.001224495,0.7376555,0.6918457,0.5423639,-40.74919,-16.30464,1027.021
2.526699153,77.12938,-10.36858,-14.15403,-0.02411164,0.7307009,0.6449925,0.5423639,-40.74919,-16.30464,1027.021
2.546752346,78.04193,-8.784144,-14.33648,-0.0240105,0.7613922,0.6374702,0.5423639,-40.74919,-16.30464,1027.021
2.566805497,78.52863,-8.235684,-12.63362,-0.00848988,0.7461987,0.5992669,1.230276,-41.86624,-13.63749,1027.021
2.586858731,83.82143,-6.224664,-10.6875,0.03015619,0.7536641,0.5617942,1.230276,-41.86624,-13.63749,1027.02
2.606911893,88.93172,-1.532283,-9.957708,-0.0001502556,0.762583,0.4609177,1.567239,-42.937,-10.4721,1027.02
2.626964867,93.67699,2.185058,-10.01852,-0.05392536,0.7939333,0.4597077,1.567239,-42.937,-10.4721,1027.02
2.647018101,95.74545,2.550698,-10.38342,-0.06917734,0.9163834,0.490838,1.567239,-42.937,-10.4721,1027.02
2.667071262,98.17892,0.7224975,-9.349545,-0.0001366599,0.8464783,0.4999225,1.553946,-43.31964,-6.927391,1027.02
2.687124330,102.4375,1.819418,-8.194036,-0.04584394,0.8631953,0.406396,1.553946,-43.31964,-6.927391,1027.021
2.707177700,107.6086,3.160098,-6.67363,-0.02254594,0.8404375,0.3452401,1.889166,-44.74394,-3.329342,1027.021
2.727230882,112.3539,5.171118,-3.936898,-0.02252982,0.8633418,0.353077,1.889166,-44.74394,-3.329342,1027.021
2.747283939,114.6049,7.121199,-1.078533,-0.006961472,0.9321088,0.3461764,1.889166,-44.74394,-3.329342,1027.021
2.767337080,116.9167,7.608719,0.685139,-0.01453468,0.9553123,0.3307085,2.978213,-44.41324,1.155649,1027.023
2.787390116,116.9775,8.218119,4.516564,-0.02203774,0.9329031,0.2764605,2.978213,-44.41324,1.155649,1027.023
2.807443444,117.8292,8.888459,7.253296,-0.04497892,0.9944656,0.2762244,2.554272,-44.46367,5.636776,1027.023
2.827496533,113.3273,8.461879,9.625131,-0.02922063,1.010224,0.1996904,2.554272,-44.46367,5.636776,1027.023
2.847549673,108.8862,7.852479,11.99697,-0.01373729,1.071204,0.2081491,2.554272,-44.46367,5.636776,1027.021
2.867602793,100.6732,7.852479,16.07166,-0.2367087,0.990505,0.1402804,2.188413,-44.164,10.18321,1027.021
2.887655934,92.27775,9.193159,18.38267,0.009951658,1.087317,0.07789904,2.188413,-44.164,10.18321,1027.021
2.907709178,83.57808,10.29008,20.45043,-0.02085003,1.102913,0.09259894,2.524872,-42.79202,13.74326,1027.021
2.927762309,72.14075,9.497859,20.26798,-0.02102132,1.117834,0.1389014,2.524872,-42.79202,13.74326,1027.023
2.947815470,57.60075,5.049238,20.26798,-0.03645566,1.110319,0.1461615,1.462743,-42.15284,17.7944,1027.023
2.967868756,44.27749,-0.6791228,19.72063,-0.02859327,1.110542,0.1078495,1.462743,-42.15284,17.7944,1027.025
2.987921814,30.1025,-7.016884,17.95696,-0.04368629,1.10368,0.03808866,1.462743,-42.15284,17.7944,1027.025
3.007975079,16.65756,-11.1608,13.82145,-0.02037216,1.103827,-0.01523036,0.4092031,-40.73554,19.61144,1027.027
3.028028085,3.455972,-12.98901,9.260233,-0.0125774,1.088671,-0.04593008,0.4092031,-40.73554,19.61144,1027.027
3.048081236,-9.867294,-13.53747,5.428808,0.002891071,1.096251,-0.06089224,0.05659485,-41.44992,20.47656,1027.027
3.068134689,-20.9396,-12.56243,1.658199,0.01834217,1.111423,-0.06810737,0.05659485,-41.44992,20.47656,1027.027
3.088187861,-30.06512,-9.881064,-1.382614,0.002943217,1.073477,-0.08413334,0.05659485,-41.44992,20.47656,1027.027
3.108240980,-36.27048,-5.615264,-5.518121,-0.01245699,1.066028,-0.08457536,0.06157184,-41.08824,19.17253,1027.027
3.128294183,-42.84086,-3.604243,-8.863015,-0.01276419,1.065441,-0.01525652,0.06157184,-41.08824,19.17253,1027.025
3.148347303,-49.41124,-1.532283,-12.32954,0.01005469,1.072264,0.04700079,0.06491089,-41.42897,18.23589,1027.025
3.168400486,-56.10329,-0.6791228,-13.91077,-0.005294639,1.072537,0.03890162,0.06491089,-41.42897,18.23589,1027.025
3.188453657,-62.97785,1.027198,-14.3973,0.01767752,1.087278,0.07039549,0.06491089,-41.42897,18.23589,1027.025
3.208506798,-69.6699,3.403858,-12.75526,0.009969671,1.064477,0.06236004,0.4206059,-41.75425,16.42806,1027.025
3.228559960,-73.92848,6.024279,-10.20097,0.04837681,1.071486,0.07880187,0.4206059,-41.75425,16.42806,1027.025
3.248613152,-77.88287,11.44794,-5.518121,-0.0749987,1.087802,0.152736,1.828245,-42.80256,13.30719,1027.025
3.268666220,-82.08061,15.9575,0.5635065,0.009628973,1.048577,0.131589,1.828245,-42.80256,13.30719,1027.025
3.288719350,-84.75743,18.94356,4.881462,-0.06783382,1.03332,0.2450451,1.828245,-42.80256,13.30719,1027.025
3.308772511,-86.70422,18.33416,7.739826,-0.0140426,1.024874,0.2540921,1.839669,-43.12292,10.19211,1027.03
3.328825798,-87.43426,18.15134,11.99697,0.03203889,1.03937,0.2784795,1.839669,-43.12292,10.19211,1027.03
3.348878845,-89.86773,18.6998,18.01778,0.008708647,1.016319,0.3239616,1.152828,-44.15624,7.00834,1027.03
3.368932048,-92.11869,18.88262,22.33573,-0.006877086,0.9551436,0.3386092,1.152828,-44.15624,7.00834,1027.03
3.388985251,-91.632,18.0904,24.40348,-0.03024209,0.9472753,0.3995854,1.152828,-44.15624,7.00834,1027.028
3.409038277,-91.632,16.01844,25.43736,-0.007149518,0.9393737,0.3924339,0.4675829,-45.24374,3.388382,1027.028
3.429091459,-94.1263,13.5199,25.92389,-0.04567264,0.8482739,0.3600936,0.4675829,-45.24374,3.388382,1027.028
3.449144808,-92.90957,12.9105,25.1941,0.04649032,0.8772668,0.4088684,-0.2173679,-44.87572,-0.1567078,1027.028
3.469197834,-95.64722,15.3481,26.04552,0.007948545,0.8242538,0.399859,-0.2173679,-44.87572,-0.1567078,1027.026
3.489250943,-96.80313,15.3481,25.98471,-0.03120699,0.7548181,0.5216953,-0.2173679,-44.87572,-0.1567078,1027.026
3.509304230,-95.89057,10.10726,21.60594,-0.0007317772,0.791969,0.6074373,-1.656881,-44.46063,-4.199636,1027.026
3.529357412,-94.67384,7.121199,17.28798,0.04562214,0.8222353,0.5779999,-1.656881,-44.46063,-4.199636,1027.026
3.549410563,-98.68907,7.060259,16.31492,0.007167906,0.7160183,0.5224633,-3.387098,-43.41095,-8.237173,1027.026
3.569463693,-103.4343,7.730599,14.3688,-0.008535715,0.6164947,0.5445883,-3.387098,-43.41095,-8.237173,1027.026
3.589516865,-102.2176,4.074198,8.408805,0.01375315,0.6451787,0.7379161,-3.387098,-43.41095,-8.237173,1027.026
3.609570068,-104.1035,1.941298,2.448811,0.1218271,0.7130958,0.6871855,-3.371957,-43.02365,-12.27981,1027.026
3.629623157,-107.6929,3.647618,2.083913,0.09121469,0.6909317,0.6400439,-3.371957,-43.02365,-12.27981,1027.026
3.649676579,-113.2291,7.791539,0.2594251,0.02170372,0.5769499,0.645285,-3.765343,-41.54232,-15.87738,1027.026
3.669729615,-111.769,3.221038,-4.362611,-0.04871397,0.5146056,0.8819035,-3.765343,-41.54232,-15.87738,1027.024
3.689782798,-113.2291,-5.127744,-8.802199,0.05930715,0.6205443,0.862206,-3.765343,-41.54232,-15.87738,1027.024
3.709835907,-117.5485,-5.980904,-9.896892,0.08280931,0.6134257,0.7626294,-4.448425,-40.4713,-19.8521,1027.026
3.729889068,-119.5561,-3.177663,-11.29567,0.02112725,0.4843538,0.7294688,-4.448425,-40.4713,-19.8521,1027.026
3.749942448,-117.5485,-1.958863,-13.84995,-0.04860589,0.3775716,0.7886695,-3.32708,-38.2553,-23.87848,1027.026
3.769995620,-106.8412,-9.027905,-15.9177,-0.01842113,0.4217915,0.9437752,-3.32708,-38.2553,-23.87848,1027.026
3.790048594,-104.1644,-10.73423,-14.94464,0.06641007,0.4134538,0.8919995,-3.32708,-38.2553,-23.87848,1027.026
3.810101933,-100.3925,-9.820125,-12.75526,0.0435931,0.3608865,0.8063663,-3.721852,-36.13736,-27.03481,1027.03
3.830155021,-95.95141,-5.371504,-12.32954,0.03573322,0.2996725,0.8135104,-3.721852,-36.13736,-27.03481,1027.03
3.850208287,-91.02363,-2.385443,-12.63362,0.03537577,0.2761156,0.8826944,-2.949629,-33.92867,-31.06137,1027.024
3.870261406,-85.00078,-4.030823,-11.0524,0.09663528,0.3052614,0.9614834,-2.949629,-33.92867,-31.06137,1027.024
3.890314484,-82.20229,-3.726123,-6.491181,0.1199513,0.2596646,0.8847885,-2.938919,-31.74862,-33.71905,1027.024
3.910367583,-79.52547,2.550698,-1.625879,0.1046219,0.1913544,0.8377743,-2.938919,-31.74862,-33.71905,1027.024
3.930420630,-73.1376,6.450859,0.9892203,0.04297079,0.1385865,0.8358715,-2.938919,-31.74862,-33.71905,1027.022
3.950473938,-64.31626,7.060259,1.901464,0.004119925,0.1307293,0.9195569,-2.930939,-28.17885,-35.49324,1027.022
3.970527026,-55.43408,5.475819,2.387995,0.05772121,0.1752916,0.9982371,-2.930939,-28.17885,-35.49324,1027.022
3.990580135,-48.25533,6.389919,3.847585,0.08886486,0.1451001,0.8987243,-2.578079,-26.76554,-36.35229,1027.022
4.010633245,-38.21726,9.802559,5.672073,0.04252895,0.09199474,0.9126227,-2.578079,-26.76554,-36.35229,1027.022
4.030686500,-28.36169,11.63076,7.374928,0.02700896,0.09194059,0.9430341,-2.578079,-26.76554,-36.35229,1027.022
4.050739651,-21.73048,13.03238,8.043907,0.01153922,0.114856,0.9735802,-2.570855,-25.29256,-38.14466,1027.027
4.070792771,-17.77608,11.63076,7.618194,0.0343581,0.12168,1.035838,-2.570855,-25.29256,-38.14466,1027.027
4.090845995,-17.16772,10.65572,6.584317,0.02668312,0.12944,1.035684,-2.219738,-24.23279,-38.57107,1027.022
4.110899240,-17.89776,10.41196,5.367991,0.01141944,0.1222514,1.004433,-2.219738,-24.23279,-38.57107,1027.022
4.130952338,-18.44529,9.61974,3.969217,0.003694211,0.1070419,1.004145,-2.219738,-24.23279,-38.57107,1027.022
4.151005521,-17.65441,8.400939,1.47575,-0.01950076,0.1147477,1.034403,-2.217764,-23.87867,-39.06596,1027.022
4.171058661,-17.95859,4.317958,-0.1054725,-0.01968881,0.1220126,1.08066,-2.217764,-23.87867,-39.06596,1027.021
4.191111958,-19.35784,2.002238,-2.112409,-0.02731164,0.1069988,1.057266,-1.868474,-22.76531,-38.99394,1027.021
4.211165140,-19.05366,0.8443775,-3.876081,-0.04245491,0.0771671,0.9873698,-1.868474,-22.76531,-38.99394,1027.021
4.231218177,-17.89776,0.6615574,-6.187099,-0.02717384,0.07676438,1.010873,-1.868474,-22.76531,-38.99394,1027.021
4.251271453,-15.95098,-0.4353628,-7.220976,-0.02727751,0.1070641,1.049563,-2.215496,-22.06903,-39.486,1027.021
4.271324646,-14.91675,-2.385443,-6.977711,0.01119916,0.08370781,1.035017,-2.215496,-22.06903,-39.486,1027.021
4.291377859,-13.5175,-1.532283,-5.943834,0.01116628,0.05314701,1.027135,-1.16813,-22.04711,-39.48542,1027.021
4.311430927,-12.3616,-1.227583,-4.240979,-0.00416566,0.04582794,1.011289,-1.16813,-22.04711,-39.48542,1027.021
4.331484130,-10.96236,-0.9228829,-3.936898,0.01113152,0.06832951,1.042629,-1.16813,-22.04711,-39.48542,1027.021
4.351537281,-11.02319,-1.776043,-3.328735,-0.004098025,0.06120624,1.003677,-2.212011,-21.36196,-40.35131,1027.021
4.371590338,-9.928131,-2.507323,-3.207102,-0.01951499,0.04610012,1.00319,-2.212011,-21.36196,-40.35131,1027.021
4.391643645,-8.2247,-2.385443,-3.693632,0.003560203,0.04578975,1.003785,-0.813653,-20.62972,-40.78017,1027.021
4.411696828,-6.399595,-1.593223,-2.963837,0.02677192,0.04574044,0.9735728,-0.813653,-20.62972,-40.78017,1027.021
4.431750104,-4.39198,-0.8619429,-2.781388,0.04200021,0.08335923,1.028109,-0.813653,-20.62972,-40.78017,1027.019
4.451803171,-4.513653,-1.044763,-0.7136351,0.03437863,0.03784993,0.9891306,-1.162901,-20.98649,-40.78339,1027.019
4.471856083,-4.331143,-1.410403,0.8067716,0.03427624,0.03765413,1.012237,-1.162901,-20.98649,-40.78339,1027.019
4.491909349,-4.331143,-1.654163,1.47575,0.003457804,0.04559395,1.026892,-1.164644,-21.34003,-40.35073,1027.019
4.511962593,-6.217084,0.3568574,0.5026902,0.03429173,0.07580618,1.027866,-1.164644,-21.34003,-40.35073,1027.019
4.532015713,-7.007964,3.830438,-0.3487376,0.05745256,0.06803508,1.00531,-1.164644,-21.34003,-40.35073,1027.019
4.552068968,-7.007964,10.04632,-0.04465623,0.04196671,0.0680462,1.028019,-2.210141,-20.65895,-40.78094,1027.017
4.572121953,-7.920516,16.93254,1.658199,0.05740168,0.0603133,1.012967,-2.210141,-20.65895,-40.78094,1027.017
4.592175312,-8.2247,24.1844,2.63126,0.01882325,0.06822605,1.042828,-0.8135271,-20.28026,-40.77714,1027.016
4.612228317,-10.84068,33.08165,2.205546,0.01131894,0.07631236,1.004164,-0.8135271,-20.28026,-40.77714,1027.016
4.632281343,-14.18671,42.89299,1.171669,-0.004217175,0.05335393,1.026738,-0.8135271,-20.28026,-40.77714,1027.021
4.652334734,-17.65441,52.21681,-0.2879213,-0.05019626,0.03905324,0.9792445,-0.8119102,-20.27618,-41.21283,1027.021
4.672387916,-17.41106,58.73739,-2.355674,-0.09643228,0.04713471,1.001204,-0.8119102,-20.27618,-41.21283,1027.021
4.692441171,-19.90537,67.26899,-3.267918,-0.0735265,0.01600247,1.024727,1.690404,-19.46663,-41.20489,1027.021
4.712494197,-19.297,73.72863,-1.200165,-0.1115743,-0.01319257,0.9157249,1.690404,-19.46663,-41.20489,1027.02
4.732547265,-16.316,83.47903,-0.1054725,-0.09631061,-0.006004036,0.9469753,1.690404,-19.46663,-41.20489,1027.02
4.752600499,-14.85591,90.30431,4.030034,-0.1112317,-0.04303543,0.8231199,3.147179,-18.7326,-41.69595,1027.016
4.772653692,-10.96236,95.9108,5.611257,-0.2114135,-0.00393003,0.8823804,3.147179,-18.7326,-41.69595,1027.016
4.792706728,-9.319762,99.44531,7.131663,-0.2651693,-0.0259143,0.8500474,5.998468,-18.32346,-41.69135,1027.016
4.812769973,-6.034574,102.0048,8.347989,-0.2805515,-0.05620291,0.8340664,5.998468,-18.32346,-41.69135,1027.016
4.832823113,-2.992733,105.2956,9.199416,-0.334326,-0.04010041,0.8250644,8.437491,-17.58618,-40.31465,1027.016
4.852876368,0.2316198,108.3426,9.321049,-0.3497275,-0.01705448,0.8402063,8.437491,-17.58618,-40.31465,1027.016
4.872929592,1.326683,109.927,10.35493,-0.3727015,0.01394722,0.8320884,8.437491,-17.58618,-40.31465,1027.018
4.892982722,1.995888,113.5225,8.956152,-0.4727095,-0.02285986,0.8138784,12.74171,-17.50012,-39.87659,1027.018
4.913035780,-0.6200959,113.5225,7.922275,-0.4880228,-0.0682657,0.7747012,12.74171,-17.50012,-39.87659,1027.014
4.933088889,15.98836,103.5892,7.922275,-0.472743,-0.03817289,0.8137885,15.93517,-17.79947,-38.07287,1027.014
4.953142124,10.33053,109.3176,7.861459,-0.5187773,0.04653899,0.8284958,15.93517,-17.79947,-38.07287,1027.014
4.973195347,7.957898,106.5144,8.043907,-0.6340652,-0.0203609,0.7711986,15.93517,-17.79947,-38.07287,1027.014
4.993248582,9.235472,103.833,4.881462,-0.518874,-0.09088667,0.7814744,19.12727,-17.40397,-35.82741,1027.014
5.013301712,7.227856,96.09361,1.354118,-0.726811,0.01052767,0.8845273,19.12727,-17.40397,-35.82741,1027.014
5.033354925,6.011119,85.36817,-3.328735,-0.7961035,-0.01916727,0.8825607,22.67109,-18.74033,-34.46827,1027.014
5.053408118,4.186014,70.13317,-7.525057,-0.665158,0.01755231,0.8630542,22.67109,-18.74033,-34.46827,1027.014
5.073461175,1.387519,58.79833,-11.0524,-0.7498688,0.003246793,0.8761845,22.67109,-18.74033,-34.46827,1027.014
5.093514493,-3.479427,55.02005,-12.99852,-0.7183322,-0.03381796,0.6842018,24.81569,-18.71622,-32.22642,1027.014
5.113567769,-7.494658,53.19185,-14.45811,-0.6724401,0.01843897,0.7704306,24.81569,-18.71622,-32.22642,1027.014
5.133620743,-10.17148,48.92605,-13.78913,-0.7494225,-0.0568958,0.7448895,27.31786,-18.31438,-32.22201,1027.014
5.153673925,-12.66579,45.93999,-14.51893,-0.7187592,-0.02700991,0.7843739,27.31786,-18.31438,-32.22201,1027.014
5.173727108,-15.40345,45.02589,-14.21485,-0.7262114,-0.04169735,0.7224687,27.31786,-18.31438,-32.22201,1027.014
5.193780352,-15.40345,47.64631,-13.91077,-0.7411866,-0.01021171,0.6452304,28.01138,-17.96252,-30.91153,1027.014
5.213833472,-12.66579,49.04793,-10.44424,-0.671892,-0.02626007,0.6238211,28.01138,-17.96252,-30.91153,1027.014
5.233886644,-8.954741,51.72929,-3.450367,-0.6793449,-0.02569975,0.5697079,30.15934,-17.5808,-29.53802,1027.014
5.253939681,-2.566875,55.20287,3.11779,-0.7021818,-0.009684741,0.5229896,30.15934,-17.5808,-29.53802,1027.014
5.273992759,2.72593,59.65149,8.043907,-0.7793025,-0.03953728,0.5516329,30.15934,-17.5808,-29.53802,1027.014
5.294046014,5.40275,64.22198,10.59819,-0.8102061,-0.03938451,0.5816471,31.55285,-16.86078,-28.65982,1027.014
5.314099186,7.957898,66.47677,13.09166,-0.8024286,-0.04694869,0.5586944,31.55285,-16.86078,-28.65982,1027.014
5.334152326,9.478819,70.49881,14.61206,-0.8329927,-0.0003999667,0.5350636,33.34808,-17.5429,-26.42421,1027.014
5.354205363,10.81723,72.75359,15.28104,-0.8635715,-0.00725105,0.4880119,33.34808,-17.5429,-26.42421,1027.014
5.374258722,9.783003,73.91145,15.52431,-0.8943887,-0.02980676,0.4870829,33.34808,-17.5429,-26.42421,1027.014
5.394311665,11.48643,74.21615,13.57819,-0.8944731,-0.05284157,0.4946502,34.038,-17.54924,-24.18315,1027.014
5.414364951,9.296309,74.09427,10.90227,-0.9556501,-0.0132092,0.4316699,34.038,-17.54924,-24.18315,1027.012
5.434418196,8.079572,81.46801,9.442681,-0.9018086,0.001314354,0.4408516,36.18235,-18.22405,-21.94735,1027.012
5.454471284,7.957898,83.11339,11.63207,-0.9322851,-0.005340931,0.3706937,36.18235,-18.22405,-21.94735,1027.01
5.474524404,9.904676,83.78373,13.15247,-0.9245952,0.0402989,0.3942682,36.18235,-18.22405,-21.94735,1027.01
5.494577680,10.14802,80.18827,15.09859,-0.9399272,0.03297983,0.3784219,36.5244,-19.28202,-20.15126,1027.01
5.514630800,8.809613,77.87255,13.27411,-0.9858902,0.04158343,0.3387651,36.5244,-19.28202,-20.15126,1027.01
5.534684066,6.071956,75.98341,10.59819,-0.9858213,0.0264662,0.315569,37.2091,-19.70886,-16.54443,1027.012
5.554737092,4.429361,70.19411,7.983091,-1.024213,0.05760955,0.314756,37.2091,-19.70886,-16.54443,1027.012
5.574790201,2.604256,62.51567,4.942278,-0.9858716,0.003496656,0.3154342,37.2091,-19.70886,-16.54443,1027.012
5.594843456,1.995888,55.93415,2.752892,-0.9547999,0.06466128,0.2780774,38.2464,-20.06143,-13.87052,1027.01
5.614896722,0.9008249,50.32767,0.5026902,-0.9470567,0.05703183,0.2628268,38.2464,-20.06143,-13.87052,1027.01
5.634950029,0.6574776,44.84307,-2.781388,-0.9934099,0.01151769,0.2844722,40.04338,-20.39001,-12.06757,1027.008
5.655003190,0.8399881,37.16463,-7.464241,-0.9856507,0.02679253,0.2770585,40.04338,-20.39001,-12.06757,1027.008
5.675056279,-1.167627,32.65506,-11.72138,-0.9702156,0.01905963,0.2620065,39.68917,-20.41013,-10.69846,1027.008
5.695109388,-4.026958,29.12054,-15.67444,-1.001137,0.02680365,0.2997677,39.68917,-20.41013,-10.69846,1027.008
5.715162591,-8.042189,20.2233,-17.86382,-0.9855662,0.04982735,0.2694913,39.68917,-20.41013,-10.69846,1027.006
5.735215857,-7.981352,14.37306,-19.93158,-0.9930519,0.01982687,0.2074962,40.7333,-20.39635,-9.826511,1027.006
5.755269029,-7.616332,10.35102,-20.41811,-0.9777368,0.01948942,0.2232975,40.7333,-20.39635,-9.826511,1027.006
5.775322065,-7.859679,7.791539,-18.47199,-0.9777709,0.01942416,0.2309995,40.38282,-19.70881,-9.384954,1027.006
5.795375258,-7.981352,4.378898,-15.06627,-1.024056,-0.01071169,0.2450328,40.38282,-19.70881,-9.384954,1027.006
5.815552052,-6.521269,-0.3134828,-11.84301,-1.016298,0.01981091,0.2454111,40.38282,-19.70881,-9.384954,1027.006
5.835605307,-3.41859,-3.421423,-7.525057,-0.9855997,0.03451432,0.2694014,41.08134,-18.93702,-9.378006,1027.01
5.855658333,-0.5592591,-8.052864,-2.234042,-1.000881,0.03491703,0.245898,41.08134,-18.93702,-9.378006,1027.01
5.875711464,3.273461,-13.84216,2.327178,-1.054928,0.03524964,0.2907208,41.08321,-18.23401,-9.807634,1027.007
5.895764573,7.106182,-23.95821,6.219419,-1.085847,0.01249813,0.3128981,41.08321,-18.23401,-9.807634,1027.007
5.915817661,9.722166,-37.60877,9.807579,-1.085882,0.02768063,0.3283921,41.08321,-18.23401,-9.807634,1027.007
5.935870938,11.24309,-50.46711,12.78758,-1.039646,0.01959916,0.3064322,40.38509,-17.89917,-9.804989,1027.007
5.955924078,11.18225,-61.68007,15.95002,-1.047457,0.01185031,0.3292949,40.38509,-17.89917,-9.804989,1027.009
5.975977125,9.904676,-72.71022,17.59206,-1.078532,0.02692451,0.4056116,41.08793,-18.57126,-11.11773,1027.009
5.996030339,7.592876,-88.18898,17.3488,-1.086155,0.0271585,0.3900089,41.08793,-18.57126,-11.11773,1027.011
6.016083469,5.585261,-103.9725,15.09859,-1.086444,0.003732089,0.4437887,41.08793,-18.57126,-11.11773,1027.011
6.036136713,2.604256,-117.1355,12.97003,-1.024809,0.01834798,0.4300627,40.05209,-19.26243,-14.29865,1027.013
6.056189885,-1.715159,-128.8969,10.65901,-0.9940597,0.04077316,0.4463959,40.05209,-19.26243,-14.29865,1027.013
6.076243005,-6.947126,-137.977,6.158603,-1.017492,0.002278833,0.5071923,38.25957,-20.02826,-17.41826,1027.013
6.096296229,-10.84068,-147.7274,0.6243228,-1.00221,-0.01337165,0.5229037,38.25957,-20.02826,-17.41826,1027.013
6.116349463,-12.66579,-155.9543,-4.727509,-0.9408984,-0.006999661,0.5784516,38.25957,-20.02826,-17.41826,1027.013
6.136402708,-15.03842,-161.5607,-9.045465,-0.8485475,0.01472838,0.580969,36.18332,-20.02554,-22.39869,1027.013
6.156455838,-18.20194,-162.4139,-11.90383,-0.7945849,-0.008639039,0.5437135,36.18332,-20.02554,-22.39869,1027.013
6.176508864,-19.297,-159.1841,-14.82301,-0.771663,-0.016867,0.5750725,33.3473,-19.69793,-26.44289,1027.013
6.196562213,-18.32361,-158.6966,-16.40423,-0.7796091,-0.05537245,0.6131597,33.3473,-19.69793,-26.44289,1027.013
6.216615354,-14.79508,-158.3309,-17.37729,-0.7181113,-0.01052208,0.645826,33.3473,-19.69793,-26.44289,1027.015
6.236668495,-10.71901,-152.6635,-17.37729,-0.6180841,-0.02704954,0.6329131,28.70924,-18.9963,-30.92024,1027.015
6.256721604,-8.589721,-143.4006,-15.9177,-0.5567216,-0.01295578,0.6808038,28.70924,-18.9963,-30.92024,1027.015
6.276774880,-6.88629,-132.6142,-13.3026,-0.4798036,-0.02923813,0.6749973,25.8715,-18.32388,-34.46349,1027.015
6.296827958,-4.209469,-122.3154,-9.592811,-0.4568817,-0.03746608,0.7063563,25.8715,-18.32388,-34.46349,1027.019
6.316881119,0.7791513,-114.4541,-5.822202,-0.4262351,-0.0152367,0.7457957,25.8715,-18.32388,-34.46349,1027.019
6.336934249,3.455972,-105.0694,-0.9569002,-0.3800507,-0.01579218,0.7392849,21.985,-17.67687,-37.63386,1027.019
6.356987275,6.193629,-90.74847,1.414934,-0.3803405,-0.02397083,0.8008567,21.985,-17.67687,-37.63386,1027.019
6.377040656,9.722166,-82.46062,3.482687,-0.349609,0.006045601,0.8249369,17.33502,-17.41263,-38.94045,1027.019
6.397093671,14.16325,-76.85414,4.699013,-0.3419507,-0.009370889,0.8250456,17.33502,-17.41263,-38.94045,1027.019
6.417146906,18.48267,-71.18672,4.57738,-0.3343433,-0.03250916,0.8328114,17.33502,-17.41263,-38.94045,1027.016
6.437200026,21.46367,-66.55528,4.151666,-0.3113706,-0.03301533,0.8565133,15.24403,-16.69057,-39.86865,1027.016
6.457253187,23.95798,-64.05674,3.178606,-0.2652041,-0.0107318,0.8655415,15.24403,-16.69057,-39.86865,1027.016
6.477306421,24.44468,-61.74101,2.14473,-0.2730993,-0.04151547,0.8959716,12.74346,-17.14658,-40.30925,1027.016
6.497359666,22.31539,-60.09563,-0.7136351,-0.2887571,-0.01133515,0.9727752,12.74346,-17.14658,-40.30925,1027.016
6.517412848,17.69179,-61.07067,-5.092407,-0.2347469,0.04925802,0.9668224,12.74346,-17.14658,-40.30925,1027.016
6.537465999,12.94652,-61.61913,-9.410362,-0.09624361,0.02462202,0.9471551,10.58842,-18.59357,-39.88687,1027.016
6.557519140,9.783003,-63.81298,-12.87689,-0.2657142,-0.05745409,0.957697,10.58842,-18.59357,-39.88687,1027.016
6.577572364,8.809613,-73.38056,-13.78913,-0.1422736,0.002599562,0.9073185,8.436988,-18.98403,-40.32677,1027.018
6.597625421,8.87045,-83.43566,-11.66056,-0.09602015,-0.01307315,0.8776115,8.436988,-18.98403,-40.32677,1027.018
6.617678708,5.22024,-87.4577,-9.227913,-0.09617659,0.05524809,0.9473348,6.693121,-18.66703,-40.76039,1027.016
6.637731775,2.117562,-89.71249,-10.14016,-0.1195255,0.07028409,1.016148,6.693121,-18.66703,-40.76039,1027.016
6.657785041,-4.026958,-89.71249,-11.72138,-0.08899812,0.08466116,1.078649,6.693121,-18.66703,-40.76039,1027.016
6.677838202,-13.76085,-82.33875,-10.74832,-0.004371088,0.06068411,1.065294,3.143189,-20.19743,-40.77496,1027.016
6.697891416,-22.58219,-68.81006,-8.802199,0.07994623,0.09711071,1.152425,3.143189,-20.19743,-40.77496,1027.016
6.717944442,-29.09173,-54.18445,-6.004651,0.1414304,0.05806573,1.146087,0.99216,-19.48125,-41.20527,1027.016
6.737997635,-29.76094,-39.98543,-2.720572,0.1952049,0.04196323,1.155089,0.99216,-19.48125,-41.20527,1027.018
6.758050713,-27.69249,-23.89727,3.11779,0.2182975,0.0340616,1.147937,0.99216,-19.48125,-41.20527,1027.018
6.778103801,-26.04989,-3.055783,10.41574,0.2646688,0.05673673,1.110753,-1.158659,-18.82273,-41.69832,1027.018
6.798156973,-24.10311,15.77468,19.78145,0.2262275,0.04966278,1.102013,-1.158659,-18.82273,-41.69832,1027.018
6.818210082,-22.82554,33.81292,28.05246,0.1648643,0.05081678,1.061914,-2.551304,-17.79484,-42.62362,1027.018
6.838263337,-20.75709,45.26965,37.35735,0.08834115,0.01448251,0.9518751,-2.551304,-17.79484,-42.62362,1027.018
6.858316457,-15.64679,53.55749,45.08102,0.01171493,-0.006799791,0.8727339,-2.551304,-17.79484,-42.62362,1027.018
6.878369660,-7.251311,58.12799,50.98019,-0.0416983,-0.05862693,0.7477961,-2.549393,-16.33525,-42.98444,1027.02
6.898422676,3.88183,58.67645,53.65611,-0.04171821,0.009955377,0.786711,-2.549393,-16.33525,-42.98444,1027.02
6.918475889,13.55489,50.75425,56.87938,-0.05670882,0.003288974,0.6938438,-1.15427,-15.61117,-42.54192,1027.02
6.938529072,24.74886,43.31957,57.48754,-0.09557832,0.0335186,0.8008602,-1.15427,-15.61117,-42.54192,1027.02
6.958582348,32.65765,28.38926,57.91325,-0.126666,-0.0505503,0.83038,-1.15427,-15.61117,-42.54192,1027.018
6.978635415,39.16719,14.1293,52.31815,-0.1345638,-0.02034291,0.891978,0.300153,-16.27964,-42.54718,1027.018
6.998688598,36.91623,0.3568574,49.45979,-0.1963676,-0.09627619,0.9130466,0.300153,-16.27964,-42.54718,1027.018
7.018741780,32.35347,-0.6181828,40.76306,-0.1200163,-0.02977273,1.077181,-0.05058599,-16.29103,-42.11168,1027.018
7.038794868,16.23171,2.367878,32.37042,-0.151209,-0.05304637,1.160975,-0.05058599,-16.29103,-42.11168,1027.018
7.058848082,-1.045954,3.830438,24.28185,-0.1514299,-0.07634225,1.19935,-0.05058599,-16.29103,-42.11168,1027.018
7.078901295,-16.13349,4.500778,15.58512,-0.1818902,-0.06009325,1.137029,-0.811028,-18.47004,-41.25941,1027.018
7.098954561,-22.64303,-0.06972268,2.874525,-0.08118851,0.1229055,1.07137,-0.811028,-18.47004,-41.25941,1027.018
7.119007650,-16.80269,-10.91704,-9.28873,-0.1351776,-0.03676547,1.022824,-0.8095372,-18.81543,-41.69813,1027.018
7.139060988,-14.85591,-7.504404,-29.23647,-0.1898345,-0.144342,1.15174,-0.8095372,-18.81543,-41.69813,1027.018
7.159114098,-17.4719,-5.005864,-46.44747,-0.243522,-0.1661957,1.104003,-0.8095372,-18.81543,-41.69813,1027.018
7.179167301,-17.35023,-6.285604,-62.38133,-0.2740848,-0.1501425,1.064788,-1.15679,-18.11973,-42.12795,1027.018
7.199220389,-17.59357,-7.930984,-77.2205,-0.1971172,-0.1282076,1.066909,-1.15679,-18.11973,-42.12795,1027.018
7.219273613,-16.62018,-8.418505,-89.62702,-0.1891686,-0.1506932,0.9976535,-0.05111098,-17.74713,-42.12431,1027.018
7.239326806,-13.82169,-8.296624,-100.9388,-0.1199082,-0.1668068,0.9839464,-0.05111098,-17.74713,-42.12431,1027.015
7.259379957,-9.198089,-7.930984,-108.9058,-0.1044385,-0.1897222,0.9534003,-0.05111098,-17.74713,-42.12431,1027.015
7.279432972,-2.931896,-6.041844,-115.2307,-0.09654385,-0.1436908,0.9307622,-0.0492208,-16.98588,-42.55343,1027.016
7.299486186,2.665093,-4.335524,-116.7511,-0.06569193,-0.1363176,0.9161971,-0.0492208,-16.98588,-42.55343,1027.016
7.319539504,7.167019,-2.324503,-117.1768,-0.08883727,-0.09039443,0.9543815,3.151568,-15.52103,-42.53955,1027.016
7.339592623,10.75639,-0.6181828,-116.6294,-0.05800209,-0.09067772,0.9397715,3.151568,-15.52103,-42.53955,1027.016
7.359645722,13.85907,-1.349463,-113.9535,-0.01175184,-0.03011162,0.9490244,3.151568,-15.52103,-42.53955,1027.016
7.379698894,17.93514,-3.969883,-110.9735,-0.05039348,-0.1443115,0.9319534,3.500564,-15.86319,-42.54239,1027.016
7.399752055,21.03782,-7.991924,-110.1829,-0.08897065,-0.1668943,0.9462301,3.500564,-15.86319,-42.54239,1027.016
7.419805331,18.78685,-7.748164,-117.3592,-0.1891177,-0.1429714,0.9899964,6.351853,-15.45404,-42.53779,1027.015
7.439858358,15.07581,-10.79517,-130.5564,-0.2968714,-0.111158,1.018205,6.351853,-15.45404,-42.53779,1027.015
7.459911529,11.79062,-16.76729,-144.4225,-0.2434073,-0.05160907,1.135486,6.351853,-15.45404,-42.53779,1027.015
7.479964764,5.098567,-25.60359,-155.7343,-0.1814664,0.00933751,1.075817,7.048228,-16.14243,-42.10778,1027.015
7.500017904,-3.114406,-28.58965,-168.749,-0.1431977,0.06182843,1.146443,7.048228,-16.14243,-42.10778,1027.015
7.520071108,-17.04604,-27.98025,-177.689,-0.142924,0.04710279,1.077034,9.203015,-15.39436,-42.53622,1027.015
7.540124238,-26.47575,-30.60067,-186.0208,-0.1271154,0.08583112,1.000635,9.203015,-15.39436,-42.53622,1027.015
7.560177326,-36.33131,-30.05221,-188.0278,-0.06571688,0.05424687,1.017448,10.60352,-13.20195,-43.38815,1027.015
7.580230581,-46.49107,-27.30991,-188.0278,-0.01952921,-0.02254745,0.9719771,10.60352,-13.20195,-43.38815,1027.013
7.600283753,-52.51391,-20.85027,-189.0008,0.01903309,-0.05336447,0.9342796,10.60352,-13.20195,-43.38815,1027.013
7.620336883,-51.90554,-16.70635,-190.5212,0.05755749,0.007239827,0.951036,10.60599,-11.44998,-43.87093,1027.011
7.640390013,-53.66981,-14.57345,-186.0816,0.01113594,-0.03840484,0.9880856,10.60599,-11.44998,-43.87093,1027.011
7.660443102,-49.16789,-15.97507,-180.7906,-0.004059474,-0.04546285,0.941431,12.06533,-7.450788,-44.70715,1027.011
7.680496305,-40.46822,-18.90019,-174.4049,0.09613655,-0.01592068,0.9133834,12.06533,-7.450788,-44.70715,1027.011
7.700549487,-38.39977,-12.74524,-165.8906,0.08867015,-0.09925569,0.8202654,12.06533,-7.450788,-44.70715,1027.009
7.720602649,-33.53282,0.9053175,-164.9784,0.08113107,-0.07598689,0.7970954,11.65918,-4.255893,-44.6796,1027.009
7.740655748,-25.25901,9.31504,-159.3833,0.1578069,-0.01648728,0.8841633,11.65918,-4.255893,-44.6796,1027.007
7.760709003,-17.83692,13.94648,-144.6658,0.1039332,-0.07681939,0.8593078,12.76601,-0.6798671,-44.64819,1027.007
7.780762154,-7.129637,16.99348,-134.0229,0.003684401,-0.06834006,0.9183884,12.76601,-0.6798671,-44.64819,1027.007
7.800815295,1.691704,20.71082,-129.0968,0.08097716,-0.06865671,0.8356508,12.76601,-0.6798671,-44.64819,1027.007
7.820868362,5.40275,31.37532,-124.3531,0.1192471,-0.04666132,0.8906929,13.11765,1.836007,-45.06197,1027.007
7.840921617,9.235472,36.25053,-119.3054,0.08048318,-0.09247471,0.9356432,13.11765,1.836007,-45.06197,1027.007
7.860974779,12.94652,39.84599,-116.447,0.01129301,-0.1219738,0.9105703,13.1148,2.876251,-44.18151,1027.007
7.881027982,14.64995,46.42751,-117.6025,0.003681876,-0.007348995,0.9495564,13.1148,2.876251,-44.18151,1027.007
7.901081081,11.79062,52.03399,-116.6294,-0.05793635,-0.02955614,0.9555352,13.1148,2.876251,-44.18151,1027.009
7.921134305,11.36476,53.61843,-113.6494,-0.0196354,0.06874334,1.041835,15.96472,3.980251,-43.73517,1027.009
7.941187466,11.06058,49.35263,-107.3246,-0.004539859,0.01461448,1.080428,15.96472,3.980251,-43.73517,1027.009
7.961240586,10.14802,44.41649,-101.4254,-0.004435568,-0.03093301,1.033946,16.31227,4.740075,-43.23048,1027.009
7.981293758,9.296309,44.96495,-102.216,0.04212125,0.04546826,0.9816719,16.31227,4.740075,-43.23048,1027.009
8.001346971,6.071956,48.49947,-100.5131,0.01087584,0.06021613,1.096499,16.31227,4.740075,-43.23048,1027.007
8.021400101,5.463587,41.36949,-92.36375,-0.05826598,0.09942983,1.094937,17.35827,5.456853,-42.78815,1027.007
8.041453273,3.577646,30.09558,-84.21437,-0.09658745,0.08496042,1.055344,17.35827,5.456853,-42.78815,1027.006
8.061506477,-0.8634433,24.73286,-78.43683,-0.09636717,0.1235041,1.02476,18.81145,5.832693,-42.34864,1027.006
8.081559554,-7.677168,21.92962,-70.04418,-0.1118021,0.131237,1.039812,18.81145,5.832693,-42.34864,1027.004
8.101612758,-9.623947,16.93254,-59.6446,-0.09658998,0.1459515,1.086512,18.81145,5.832693,-42.34864,1027.004
8.121665950,-9.076415,9.010339,-43.954,-0.08884737,0.1535698,1.079053,18.4596,7.215093,-41.46534,1027.008
8.141719039,-7.312148,3.342918,-28.81075,-0.05031982,0.1379353,1.05685,18.4596,7.215093,-41.46534,1027.008
8.161772409,-7.190474,1.453778,-13.3026,-0.05792591,0.130578,1.0335,20.20414,9.402005,-40.94777,1027.008
8.181825226,-6.217084,0.7834375,0.685139,-0.07339439,0.1229979,1.048462,20.20414,9.402005,-40.94777,1027.008
8.201878481,-3.722775,-1.776043,14.3688,-0.0811705,0.1000665,1.055831,20.20414,9.402005,-40.94777,1027.008
8.221931570,0.4749671,-4.152703,26.16716,-0.06568464,0.1000554,1.033122,20.2076,9.410736,-41.88138,1027.008
8.241984888,2.90844,-4.944923,34.9247,-0.03491646,0.06914605,1.018332,20.2076,9.410736,-41.88138,1027.007
8.262038049,5.706934,-6.163724,42.22265,-0.03517025,0.01528938,1.048826,19.85527,10.09363,-40.9419,1027.007
8.282091138,9.052961,-8.174745,48.54755,-0.05832919,-0.02268282,1.048005,19.85527,10.09363,-40.9419,1027.007
8.302144278,12.03397,-10.97798,54.56836,-0.0889621,0.03898314,1.047571,19.85527,10.09363,-40.9419,1027.007
8.322197492,14.46744,-16.03601,61.0757,-0.09665571,0.08482989,1.070748,19.85674,9.04989,-41.44891,1027.007
8.342250507,15.25832,-22.19095,69.16426,-0.09658808,0.1002082,1.063136,19.85674,9.04989,-41.44891,1027.007
8.362303877,15.98836,-28.58965,78.46915,-0.08117113,0.1153143,1.063623,19.50724,7.994189,-41.45819,1027.007
8.382356934,14.4066,-34.25707,88.99036,-0.08872569,0.1004311,1.024824,19.50724,7.994189,-41.45819,1027.007
8.402410054,12.52066,-35.23211,96.53158,-0.08869156,0.1004963,1.017122,19.50724,7.994189,-41.45819,1027.007
8.422463466,9.417982,-35.11023,104.3161,-0.05025093,0.122818,1.033654,19.16083,6.538929,-42.34239,1027.007
8.442516450,7.106182,-36.63373,113.8034,-0.05028506,0.1227528,1.041356,19.16083,6.538929,-42.34239,1027.008
8.462569726,6.071956,-37.18219,122.865,-0.02683441,0.1231603,0.9572282,18.11417,4.016587,-42.80037,1027.008
8.482622762,5.341914,-33.76955,130.4671,-0.003741839,0.1152587,0.9500768,18.11417,4.016587,-42.80037,1027.008
8.502675903,6.55865,-30.96631,139.5895,0.05003137,0.1296517,0.9746628,17.70785,2.264815,-43.25143,1027.008
8.522728981,10.02635,-31.27101,152.665,0.1114802,0.121037,0.9916103,17.70785,2.264815,-43.25143,1027.008
8.542782174,12.33815,-29.86939,166.227,0.150143,0.1361591,0.9541824,17.70785,2.264815,-43.25143,1027.008
8.562835491,11.79062,-22.06907,176.6266,0.01176077,0.1229041,0.9274126,15.61472,1.526695,-43.75657,1027.008
8.582888507,13.06819,-17.68139,181.6743,-0.02707145,0.07696018,0.9877669,15.61472,1.526695,-43.75657,1027.013
8.602941700,18.66518,-18.83925,185.5058,-0.05782098,0.06978276,0.9792257,14.16063,-1.353637,-44.2178,1027.013
8.622994913,23.04543,-20.17993,189.8237,-0.004116038,0.08404525,1.019216,14.16063,-1.353637,-44.2178,1027.013
8.643048116,23.10627,-22.37377,197.4258,0.01939909,0.1760699,0.9664361,14.16063,-1.353637,-44.2178,1027.013
8.663101205,22.55874,-18.29079,199.6151,0.07338341,0.0383769,0.8668898,13.46148,-3.872745,-44.2399,1027.013
8.683154325,26.63481,-4.944923,195.7837,0.003715379,0.007964035,0.9496462,13.46148,-3.872745,-44.2399,1027.013
8.703207507,30.95422,-0.6181828,193.6552,-0.06537428,0.02440399,0.924843,12.06235,-6.760008,-43.82973,1027.013
8.723260793,38.37632,-0.1916027,194.0809,-0.0501814,0.09245305,1.002665,12.06235,-6.760008,-43.82973,1027.013
8.743313997,39.59305,-2.507323,196.7568,-0.003979507,0.08430632,0.9884075,12.06235,-6.760008,-43.82973,1027.013
8.763367002,40.93146,0.7834375,196.7568,-0.02683062,0.03167375,0.9104763,9.211773,-9.669572,-44.29173,1027.013
8.783420121,44.88586,5.719579,191.8915,-0.08085763,-0.03657595,0.9163842,9.211773,-9.669572,-44.29173,1027.013
8.803473262,45.79841,13.39802,185.445,-0.03438519,0.01679051,0.8716775,8.100235,-12.21001,-42.94475,1027.013
8.823526496,44.58167,22.6609,178.8768,-0.04983881,0.06261019,0.9100605,8.100235,-12.21001,-42.94475,1027.013
8.843579606,44.27749,25.0985,175.3495,-0.04224947,0.06231093,0.9333653,8.100235,-12.21001,-42.94475,1027.013
8.863632736,44.39916,28.02362,169.9976,-0.08853449,0.01692732,0.9396065,5.597417,-14.41741,-42.96481,1027.008
8.883685980,45.1292,30.40028,159.9629,-0.09639625,0.001456681,0.9701265,5.597417,-14.41741,-42.96481,1027.008
8.903739090,42.75657,33.56916,148.8944,-0.08882557,0.0392442,1.016762,3.844226,-16.91708,-41.18199,1027.01
8.923792241,35.63866,35.763,139.1638,-0.09630997,-0.0212518,0.9391833,3.844226,-16.91708,-41.18199,1027.01
8.943845538,33.3877,36.92086,127.0005,-0.1583192,-0.08232892,1.014256,3.844226,-16.91708,-41.18199,1027.01
8.963898595,29.06828,33.56916,114.1683,-0.1428545,0.0167378,1.046046,1.688787,-19.47071,-40.7692,1027.01
8.983951829,23.10627,28.81584,99.99811,-0.1586121,-0.01426874,1.114788,1.688787,-19.47071,-40.7692,1027.012
9.004005032,18.17849,23.39218,81.14507,-0.1968988,-0.04392064,1.059701,0.2917738,-20.95604,-40.78259,1027.012
9.024058121,13.67656,18.15134,62.2312,-0.1507001,0.02417144,1.084403,0.2917738,-20.95604,-40.78259,1027.012
9.044111303,2.360909,13.33708,45.93245,-0.1200517,0.0006575305,1.100466,0.2917738,-20.95604,-40.78259,1027.012
9.064164361,-7.494658,8.461879,31.21491,-0.150818,-0.0141764,1.09188,-1.165022,-22.38842,-40.35983,1027.007
9.084217459,-14.30838,1.819418,17.04472,-0.1199673,0.02369234,1.092899,-1.165022,-22.38842,-40.35983,1027.007
9.104270861,-20.9396,-2.263563,3.665136,-0.119968,0.0389401,1.100691,-1.5191,-22.05907,-38.98769,1027.009
9.124324126,-25.62403,-8.906024,-8.072404,-0.08143978,0.008057819,1.070696,-1.5191,-22.05907,-38.98769,1027.009
9.144377288,-30.06512,-15.30473,-14.88383,-0.01219556,-0.03096008,1.049152,-1.5191,-22.05907,-38.98769,1027.009
9.164430470,-32.31609,-18.96113,-19.50586,0.01096464,-0.02348341,1.034388,-0.4680169,-21.32949,-39.91466,1027.009
9.184483569,-34.81039,-23.22693,-22.06015,0.0187929,-0.0233258,1.003778,-0.4680169,-21.32949,-39.91466,1027.009
9.204536761,-34.38454,-26.45675,-23.94545,0.06487564,-0.03932485,1.012582,-0.812036,-20.62565,-41.21586,1027.011
9.224589808,-35.35793,-28.52871,-23.21565,1.052229,-0.3674187,0.2427919,-0.812036,-20.62565,-41.21586,1027.011
9.244642990,-0.8026064,7.425899,9.625131,0.1573661,0.3257716,1.155759,-0.812036,-20.62565,-41.21586,1027.013
9.264696017,15.5625,16.8716,18.13941,0.05601835,0.08054167,1.33659,-2.208125,-19.54824,-41.20703,1027.013
9.284749074,-3.41859,7.425899,14.79451,-0.0657583,-0.1821914,0.9082254,-2.208125,-19.54824,-41.20703,1027.013
9.304802412,4.307687,13.27614,2.083913,0.08740029,0.06605487,1.190954,-1.507907,-19.17951,-41.70154,1027.013
9.324855574,-6.399595,3.221038,1.171669,0.01927392,-0.0986509,0.856989,-1.507907,-19.17951,-41.70154,1027.013
9.344908777,1.083335,11.81358,-0.4095539,0.1501642,0.03708125,0.8996835,-1.507907,-19.17951,-41.70154,1027.013
9.364961824,9.783003,14.55588,5.124726,-0.03445535,0.06240327,0.9104576,-1.16225,-19.18093,-40.76774,1027.01
9.385014985,-9.380599,-5.737144,3.178606,-0.405726,-0.2873105,1.19154,-1.16225,-19.18093,-40.76774,1027.01
9.405068532,1.935051,8.644699,-10.32261,0.2031163,0.09565118,1.132496,-0.4638801,-18.81685,-40.76432,1027.01
9.425121423,-0.07256441,-1.349463,-1.869144,-0.05051768,-0.03018173,1.01735,-0.4638801,-18.81685,-40.76432,1027.01
9.445174584,-0.92428,-1.288523,-2.355674,-0.02725634,0.007986272,0.9950646,0.9938819,-19.82606,-41.70623,1027.012
9.465227808,4.916056,-3.482363,-0.4095539,-0.02727309,0.0003297571,0.9950196,0.9938819,-19.82606,-41.70623,1027.012
9.485280876,4.06434,-6.163724,0.6243228,0.003560834,0.03054199,0.9959935,0.9938819,-19.82606,-41.70623,1027.014
9.505334089,5.341914,-1.166643,2.570443,-0.05019752,0.06954877,0.9948284,-2.204408,-18.84058,-42.13458,1027.014
9.525387282,2.847604,0.05215734,-0.227105,0.05755559,0.05298313,0.9744119,-2.204408,-18.84058,-42.13458,1027.01
9.545440297,-1.350138,0.9662575,1.050037,0.07288816,0.04505442,0.9824661,-1.160633,-19.17685,-41.20343,1027.01
9.565493469,-2.445201,1.088138,0.6243228,0.06526408,0.06053617,0.9746554,-1.160633,-19.17685,-41.20343,1027.011
9.585546777,-3.966122,1.027198,0.1986088,0.01891016,0.0302698,1.004093,-1.160633,-19.17685,-41.20343,1027.011
9.605599792,-5.061185,2.063178,1.171669,0.0113202,0.04581682,0.9885799,-1.86062,-19.54501,-40.77115,1027.011
9.625652985,-4.452816,2.794458,0.8675878,-0.004147646,0.02298893,0.99575,-1.86062,-19.54501,-40.77115,1027.011
9.645706230,-4.026958,1.941298,0.1377926,0.01880966,-0.01566929,1.003823,-0.460541,-19.15758,-41.70097,1027.013
9.665759224,-2.627712,1.270958,0.9284041,0.01121906,0.01512549,0.9961022,-0.460541,-19.15758,-41.70097,1027.013
9.685812761,-2.262691,0.8443775,-0.1662888,0.003594336,0.04585502,0.9960834,-0.460541,-19.15758,-41.70097,1027.013
9.705865599,-1.228464,0.9662575,0.1377926,0.003578216,0.02295073,0.9882465,-0.05484891,-19.15313,-41.26506,1027.013
9.725918896,-0.7417696,0.6006174,0.1986088,-0.01956524,0.02313058,1.003055,-0.05484891,-19.15313,-41.26506,1027.013
9.745972037,1.813377,-1.288523,0.01616004,-0.01971663,-0.0305303,1.010443,-1.50965,-19.53304,-41.26889,1027.013
9.766025375,1.630867,-0.9228829,-0.227105,0.02656839,0.01485331,1.004201,-1.50965,-19.53304,-41.26889,1027.013
9.786078422,2.056725,-1.349463,-1.869144,0.08051163,0.04482043,0.9980688,-1.50965,-19.53304,-41.26889,1027.015
9.806135583,-0.5592591,0.1130974,0.3202414,0.01912982,0.08406121,0.981301,-2.555399,-19.55089,-41.70515,1027.015
9.826188484,-2.019343,0.2349774,1.719016,-0.01983389,-0.0841259,1.010128,-2.555399,-19.55089,-41.70515,1027.015
9.846241740,1.144172,-0.5572428,-1.990777,0.04971058,0.045169,1.004977,-0.464258,-19.86524,-40.77341,1027.015
9.866294662,0.5358039,-0.4353628,1.719016,-0.004097394,0.04595847,0.9958848,-0.464258,-19.86524,-40.77341,1027.015
9.886348271,-0.3159117,0.6006174,-1.44343,0.07276902,0.0372021,1.005527,-0.464258,-19.86524,-40.77341,1027.015
9.906401016,-0.8026064,0.6615574,1.110853,-0.01953048,0.007948079,0.987561,-1.510007,-19.88309,-41.20968,1027.015
9.926454125,0.1099461,-0.008782674,-0.2879213,-0.0195311,0.02319584,0.995353,-1.510007,-19.88309,-41.20968,1027.015
9.946507297,0.6574776,-0.008782674,-0.3487376,0.07280315,0.03726737,0.9978253,-0.4606671,-19.50705,-41.70399,1027.015
9.966560489,-0.01172757,-0.008782674,0.5026902,0.003560834,0.03054199,0.9959935,-0.4606671,-19.50705,-41.70399,1027.015
9.986613849,-0.8634433,0.05215734,-0.7136351,0.01889278,0.03786105,1.01184,-0.4606671,-19.50705,-41.70399,1027.015
10.006666906,-0.6200959,0.6615574,0.8067716,0.003375943,-0.03843192,1.003291,-0.462389,-19.16224,-41.20304,1027.015
10.026720036,0.8399881,-0.4353628,-0.896084,0.01899391,0.06855237,1.004317,-0.462389,-19.16224,-41.20304,1027.015
10.046773219,0.1707829,0.1130974,0.685139,0.02660189,0.03016634,1.004291,-0.8097892,-19.51435,-41.70419,1027.015
10.066826599,-0.2550749,0.4177974,-0.4095539,0.02665341,0.02264036,0.9888421,-0.8097892,-19.51435,-41.70419,1027.015
10.086879625,-0.3159117,0.1740374,0.3202414,-0.01182263,0.0307489,0.9955964,-0.8097892,-19.51435,-41.70419,1027.015
10.106932744,0.2316198,0.05215734,-0.04465623,0.01889404,0.007365521,0.9962558,-1.160402,-19.17627,-41.26567,1027.017
10.126985833,0.5966408,0.05215734,-0.3487376,0.0343445,0.03778466,0.9968326,-1.160402,-19.17627,-41.26567,1027.017
10.147038880,-0.3767486,0.1740374,0.2594251,0.003526701,0.03047672,1.003696,-1.509755,-19.18416,-41.20362,1027.017
10.167092364,-0.4375854,0.2349774,-0.4095539,0.01896104,0.03799158,0.9964355,-1.509755,-19.18416,-41.20362,1027.017
10.187145369,0.1099461,-0.4353628,0.3810576,0.01889341,0.02261328,1.004048,-1.509755,-19.18416,-41.20362,1027.015
10.207198406,0.3532934,-0.1306627,-0.1054725,0.01901193,0.04571337,0.9887784,-0.811511,-19.16955,-41.20323,1027.015
10.227251588,-0.4984222,0.5396774,0.2594251,0.02658514,0.02250983,1.004246,-0.811511,-19.16955,-41.20323,1027.015
10.247304958,-0.07256441,0.2959174,-0.1054725,0.003544083,0.02288547,0.9959486,-0.462389,-19.16224,-41.20304,1027.015
10.267357869,0.04910926,-0.3134828,-0.04465623,0.01894429,0.03033507,0.9963906,-0.462389,-19.16224,-41.20304,1027.017
10.287411208,0.3532934,-0.1916027,0.07697631,0.01892754,0.02267855,0.9963456,-0.462389,-19.16224,-41.20304,1027.017
10.307464432,-0.1334012,0.05215734,0.2594251,0.0112867,0.03050379,0.98849,-1.158785,-19.1722,-41.70135,1027.017
10.327517354,-0.4375854,0.4177974,0.3810576,-0.004147646,0.02298893,0.99575,-1.158785,-19.1722,-41.70135,1027.017
10.347570734,0.5966408,0.2959174,-0.2879213,0.01125256,0.03043853,0.996192,-0.8097892,-19.51435,-41.70419,1027.017
10.367623906,0.1707829,-0.1916027,0.1986088,0.01126931,0.03809504,0.996237,-0.8097892,-19.51435,-41.70419,1027.017
10.387676890,-0.1334012,0.1740374,-0.04465623,0.03429362,0.03006288,1.00449,-1.158785,-19.1722,-41.70135,1027.017
10.407730041,-0.01172757,0.4177974,0.07697631,0.01126994,0.02284728,0.988445,-1.158785,-19.1722,-41.70135,1027.017
10.427783119,-0.01172757,0.05215734,0.01616004,0.01120168,0.02271674,1.003849,-1.158785,-19.1722,-41.70135,1027.017
10.447836343,0.4749671,0.1740374,-0.04465623,0.01896168,0.02274382,0.9886436,-0.4622631,-18.81277,-41.20001,1027.014
10.467889484,-0.1942381,0.1130974,0.07697631,0.01121906,0.01512549,0.9961022,-0.4622631,-18.81277,-41.20001,1027.014
10.487942676,-0.01172757,0.1740374,-0.1662888,0.01891016,0.0302698,1.004093,-0.05520606,-19.50318,-41.20585,1027.018
10.507995879,-0.1334012,-0.1916027,0.1986088,0.01891079,0.01502204,0.9963007,-0.05520606,-19.50318,-41.20585,1027.018
10.528049030,0.3532934,0.05215734,-0.1662888,0.02663602,0.03023161,0.9965891,-0.05520606,-19.50318,-41.20585,1027.018
10.548101994,0.1099461,0.3568574,0.1377926,0.01897842,0.03040034,0.9886885,0.2924249,-19.15048,-40.76694,1027.018
10.568155280,-0.01172757,0.2959174,-0.1054725,0.01892754,0.02267855,0.9963456,0.2924249,-19.15048,-40.76694,1027.017
10.588208671,0.04910926,0.1740374,0.07697631,0.01130345,0.03816031,0.9885349,-0.4606671,-19.50705,-41.70399,1027.017
10.608261801,-0.1334012,-0.3134828,-0.04465623,0.01123581,0.02278201,0.9961471,-0.4606671,-19.50705,-41.70399,1027.015
